,date,open,high,low,close,Adj Close,volume
0,2000-09-18,1485.25,1489.75,1462.25,1467.5,1467.5,104794
1,2000-09-19,1467.0,1482.75,1466.75,1478.5,1478.5,103371
2,2000-09-20,1478.75,1480.5,1450.25,1469.5,1469.5,109667
3,2000-09-21,1470.25,1474.0,1455.5,1469.5,1469.5,98528
4,2000-09-22,1454.75,1471.0,1436.75,1468.5,1468.5,97416
5,2000-09-25,1469.5,1477.75,1455.5,1461.0,1461.0,85491
6,2000-09-26,1461.0,1467.0,1442.5,1443.0,1443.0,99803
7,2000-09-27,1444.0,1456.0,1438.25,1446.75,1446.75,101996
8,2000-09-28,1447.75,1481.0,1445.0,1476.0,1476.0,84280
9,2000-09-29,1473.0,1473.25,1454.0,1454.0,1454.0,78277
10,2000-10-02,1453.75,1464.25,1447.5,1456.25,1456.25,84100
11,2000-10-03,1457.25,1474.0,1438.75,1441.5,1441.5,89440
12,2000-10-04,1442.0,1457.25,1432.5,1450.25,1450.25,101607
13,2000-10-05,1449.5,1462.0,1447.25,1456.0,1456.0,92232
14,2000-10-06,1456.0,1460.5,1411.5,1426.25,1426.25,95257
15,2000-10-09,1425.25,1426.75,1408.0,1416.5,1416.5,67432
16,2000-10-10,1417.5,1424.5,1390.0,1391.0,1391.0,106613
17,2000-10-11,1393.5,1398.0,1361.75,1378.5,1378.5,132059
18,2000-10-12,1379.5,1387.75,1339.0,1344.0,1344.0,110135
19,2000-10-13,1346.25,1387.75,1339.5,1386.25,1386.25,86048
20,2000-10-16,1386.0,1393.75,1378.25,1392.0,1392.0,85209
21,2000-10-17,1391.0,1395.5,1355.0,1359.75,1359.75,99618
22,2000-10-18,1362.75,1372.0,1324.0,1353.75,1353.75,112021
23,2000-10-19,1356.0,1404.0,1356.0,1401.75,1401.75,88966
24,2000-10-20,1402.0,1422.0,1394.5,1411.0,1411.0,71889
25,2000-10-23,1411.0,1419.75,1399.75,1417.0,1417.0,85786
26,2000-10-24,1415.25,1428.75,1399.0,1404.25,1404.25,99159
27,2000-10-25,1405.25,1405.5,1370.5,1374.0,1374.0,110358
28,2000-10-26,1374.75,1384.25,1348.5,1371.0,1371.0,118287
29,2000-10-27,1370.0,1402.0,1368.0,1401.0,1401.0,81305
30,2000-10-30,1398.0,1419.5,1387.0,1411.25,1411.25,101978
31,2000-10-31,1413.25,1445.5,1408.25,1440.75,1440.75,89660
32,2000-11-01,1441.0,1441.0,1419.5,1432.5,1432.5,92961
33,2000-11-02,1432.25,1444.5,1430.0,1435.0,1435.0,77315
34,2000-11-03,1434.25,1444.5,1430.5,1436.75,1436.75,66960
35,2000-11-06,1436.0,1452.5,1436.0,1445.5,1445.5,57591
36,2000-11-07,1444.5,1446.0,1432.0,1444.0,1444.0,63778
37,2000-11-08,1443.75,1455.0,1410.5,1412.0,1412.0,88328
38,2000-11-09,1413.75,1420.75,1378.5,1403.5,1403.5,110522
39,2000-11-10,1404.75,1408.0,1370.5,1372.25,1372.25,90707
40,2000-11-13,1369.0,1373.0,1335.0,1358.75,1358.75,121521
41,2000-11-14,1359.0,1399.75,1358.5,1394.0,1394.0,101344
42,2000-11-15,1394.25,1404.5,1381.5,1397.5,1397.5,89420
43,2000-11-16,1396.75,1402.75,1376.5,1379.25,1379.25,180156
44,2000-11-17,1378.75,1393.5,1360.25,1370.5,1370.5,90660
45,2000-11-20,1369.75,1373.5,1345.25,1347.75,1347.75,82907
46,2000-11-21,1348.25,1362.75,1336.5,1356.0,1356.0,82365
47,2000-11-22,1356.0,1361.0,1322.0,1323.0,1323.0,76824
48,2000-11-24,1323.25,1349.5,1320.25,1346.5,1346.5,24125
49,2000-11-27,1348.5,1367.75,1348.5,1359.0,1359.0,89335
50,2000-11-28,1358.5,1364.5,1337.5,1338.5,1338.5,89335
51,2000-11-29,1338.0,1357.5,1333.0,1335.25,1335.25,112125
52,2000-11-30,1332.75,1333.75,1296.75,1321.0,1321.0,121701
53,2000-12-01,1321.5,1338.25,1310.0,1320.75,1320.75,93584
54,2000-12-04,1323.0,1337.5,1313.25,1329.5,1329.5,92525
55,2000-12-05,1331.5,1380.25,1329.0,1374.25,1374.25,95863
56,2000-12-06,1373.0,1379.5,1339.25,1354.5,1354.5,99873
57,2000-12-07,1354.25,1362.0,1335.25,1337.0,1337.0,12054
58,2000-12-08,1332.0,1384.25,1332.0,1353.25,1353.25,6007
59,2000-12-11,1368.5,1392.0,1362.5,1383.0,1383.0,3868
60,2000-12-12,1380.5,1381.25,1355.0,1378.25,1378.25,1616
61,2000-12-13,1378.25,1387.75,1358.0,1358.0,1358.0,2668
62,2000-12-14,1358.25,1362.75,1335.25,1337.0,1337.0,1376
63,2000-12-15,1317.75,1340.75,1317.75,1332.0,1332.0,98832
64,2000-12-18,1330.0,1352.75,1329.5,1346.0,1346.0,91761
65,2000-12-19,1346.75,1366.75,1317.25,1317.75,1317.75,98115
66,2000-12-20,1318.75,1326.0,1276.0,1280.25,1280.25,107160
67,2000-12-21,1280.5,1304.25,1270.25,1288.5,1288.5,99016
68,2000-12-22,1289.75,1327.5,1289.75,1327.25,1327.25,55440
69,2000-12-26,1324.0,1338.0,1318.5,1336.5,1336.5,44482
70,2000-12-27,1337.5,1351.5,1327.5,1350.5,1350.5,65382
71,2000-12-28,1349.75,1354.25,1341.5,1353.0,1353.0,56807
72,2000-12-29,1352.75,1356.5,1326.0,1327.0,1327.0,50363
73,2001-01-02,1331.0,1336.75,1289.25,1300.0,1300.0,92668
74,2001-01-03,1301.0,1367.25,1288.75,1359.0,1359.0,130684
75,2001-01-04,1360.0,1365.5,1341.5,1349.0,1349.0,110846
76,2001-01-05,1345.75,1380.0,1303.0,1304.0,1304.0,117776
77,2001-01-08,1308.25,1312.5,1287.5,1309.5,1309.5,120010
78,2001-01-09,1312.0,1325.5,1303.75,1308.75,1308.75,115968
79,2001-01-10,1309.5,1328.75,1297.25,1327.0,1327.0,131074
80,2001-01-11,1325.75,1343.5,1319.5,1335.0,1335.0,96098
81,2001-01-12,1332.0,1344.75,1322.0,1330.0,1330.0,109664
82,2001-01-16,1328.75,1339.5,1323.5,1335.25,1335.25,103751
83,2001-01-17,1337.25,1357.75,1334.5,1341.5,1341.5,120321
84,2001-01-18,1342.5,1364.0,1337.0,1356.0,1356.0,119657
85,2001-01-19,1359.0,1371.75,1345.75,1348.5,1348.5,111098
86,2001-01-22,1346.0,1364.0,1341.25,1358.0,1358.0,111996
87,2001-01-23,1356.75,1372.75,1348.5,1366.0,1366.0,105167
88,2001-01-24,1366.25,1379.0,1365.25,1370.25,1370.25,104969
89,2001-01-25,1369.75,1378.75,1362.75,1365.0,1365.0,100601
90,2001-01-26,1364.25,1366.75,1350.25,1363.25,1363.25,128918
91,2001-01-29,1363.0,1374.0,1358.5,1370.0,1370.0,64459
92,2001-01-30,1370.25,1384.25,1363.25,1382.75,1382.75,75169
93,2001-01-31,1381.0,1394.0,1371.25,1373.5,1373.5,89199
94,2001-02-01,1373.5,1383.5,1366.25,1382.5,1382.5,101160
95,2001-02-02,1382.5,1386.0,1352.75,1353.25,1353.25,185372
96,2001-02-05,1354.25,1363.0,1351.25,1362.0,1362.0,92786
97,2001-02-06,1362.75,1370.5,1356.0,1356.25,1356.25,91631
98,2001-02-07,1355.0,1356.5,1339.5,1349.5,1349.5,105779
99,2001-02-08,1348.75,1356.5,1333.75,1335.25,1335.25,102130
100,2001-02-09,1336.25,1338.5,1318.75,1321.0,1321.0,90360
101,2001-02-12,1321.75,1338.0,1319.25,1333.75,1333.75,109773
102,2001-02-13,1334.25,1342.0,1322.25,1326.0,1326.0,115469
103,2001-02-14,1326.25,1326.75,1308.5,1319.75,1319.75,138185
104,2001-02-15,1320.0,1335.75,1318.5,1333.0,1333.0,102102
105,2001-02-16,1330.25,1330.25,1296.25,1305.0,1305.0,96917
106,2001-02-20,1304.25,1311.5,1281.75,1285.25,1285.25,111887
107,2001-02-21,1284.5,1288.5,1255.0,1256.5,1256.5,147007
108,2001-02-22,1258.0,1264.75,1230.25,1257.25,1257.25,160101
109,2001-02-23,1257.5,1261.75,1217.0,1247.5,1247.5,145235
110,2001-02-26,1251.25,1274.25,1243.75,1273.25,1273.25,121672
111,2001-02-27,1273.0,1277.0,1254.25,1264.0,1264.0,142507
112,2001-02-28,1263.75,1269.0,1230.75,1242.0,1242.0,153327
113,2001-03-01,1239.25,1244.0,1215.5,1243.5,1243.5,148305
114,2001-03-02,1243.0,1254.25,1221.0,1234.0,1234.0,145749
115,2001-03-05,1236.25,1244.5,1234.75,1243.75,1243.75,104974
116,2001-03-06,1243.5,1270.5,1242.5,1256.75,1256.75,128365
117,2001-03-07,1257.0,1266.75,1254.75,1265.75,1265.75,136392
118,2001-03-08,1267.0,1269.25,1258.25,1265.5,1265.5,12348
119,2001-03-09,1266.5,1266.5,1227.25,1231.75,1231.75,4320
120,2001-03-12,1230.0,1233.25,1173.0,1178.0,1178.0,3154
121,2001-03-13,1178.25,1199.25,1171.25,1196.5,1196.5,3349
122,2001-03-14,1199.0,1199.0,1154.0,1167.0,1167.0,2228
123,2001-03-15,1169.5,1182.0,1164.0,1171.25,1171.25,1490
124,2001-03-16,1175.0,1181.75,1165.0,1169.75,1169.75,150117
125,2001-03-19,1164.75,1186.75,1158.25,1180.5,1180.5,116313
126,2001-03-20,1180.5,1193.25,1151.25,1152.5,1152.5,148873
127,2001-03-21,1153.0,1161.25,1127.0,1132.75,1132.75,184502
128,2001-03-22,1133.0,1136.75,1088.0,1119.0,1119.0,201555
129,2001-03-23,1122.25,1155.0,1120.5,1153.25,1153.25,159208
130,2001-03-26,1153.25,1170.75,1150.75,1166.5,1166.5,124308
131,2001-03-27,1166.25,1194.5,1160.75,1189.75,1189.75,133168
132,2001-03-28,1189.25,1189.25,1155.5,1159.5,1159.5,143824
133,2001-03-29,1160.5,1173.25,1143.75,1161.5,1161.5,147604
134,2001-03-30,1161.0,1175.0,1151.5,1174.0,1174.0,124217
135,2001-04-02,1173.0,1178.75,1145.25,1149.75,1149.75,141934
136,2001-04-03,1150.75,1153.75,1106.5,1108.5,1108.5,188781
137,2001-04-04,1109.0,1126.25,1098.5,1112.5,1112.5,186025
138,2001-04-05,1113.0,1161.25,1113.0,1155.0,1155.0,161660
139,2001-04-06,1156.0,1165.25,1126.5,1140.5,1140.5,182660
140,2001-04-09,1138.0,1155.25,1133.5,1150.25,1150.25,179040
141,2001-04-10,1149.75,1182.5,1149.5,1172.0,1172.0,179040
142,2001-04-11,1173.0,1194.0,1166.0,1173.25,1173.25,169708
143,2001-04-12,1173.5,1194.0,1163.0,1192.25,1192.25,144921
144,2001-04-16,1192.5,1195.25,1173.75,1182.0,1182.0,131826
145,2001-04-17,1180.25,1200.75,1167.0,1195.5,1195.5,169897
146,2001-04-18,1206.0,1267.5,1206.0,1246.25,1246.25,170538
147,2001-04-19,1249.0,1262.5,1238.5,1258.75,1258.75,155757
148,2001-04-20,1260.25,1268.0,1240.25,1251.5,1251.5,140825
149,2001-04-23,1251.0,1252.0,1222.5,1226.0,1226.0,133867
150,2001-04-24,1226.0,1239.5,1213.75,1216.5,1216.5,143201
151,2001-04-25,1216.5,1238.5,1212.75,1232.0,1232.0,143786
152,2001-04-26,1231.0,1254.0,1225.5,1240.5,1240.5,130242
153,2001-04-27,1241.0,1259.75,1238.0,1258.0,1258.0,106105
154,2001-04-30,1258.75,1274.75,1248.25,1254.25,1254.25,135317
155,2001-05-01,1253.25,1273.25,1245.75,1272.25,1272.25,165317
156,2001-05-02,1271.5,1278.25,1261.5,1271.0,1271.0,140114
157,2001-05-03,1270.75,1272.25,1243.5,1254.25,1254.25,140114
158,2001-05-04,1253.75,1274.0,1235.0,1272.75,1272.75,155024
159,2001-05-07,1273.5,1274.75,1262.75,1263.5,1263.5,134219
160,2001-05-08,1266.25,1277.0,1256.0,1263.5,1263.5,125078
161,2001-05-09,1265.5,1265.5,1250.75,1257.75,1257.75,135964
162,2001-05-10,1257.0,1273.75,1256.25,1261.5,1261.5,118278
163,2001-05-11,1261.5,1265.25,1243.5,1251.75,1251.75,111010
164,2001-05-14,1252.0,1254.0,1244.0,1252.0,1252.0,82948
165,2001-05-15,1252.25,1262.0,1245.75,1257.5,1257.5,119095
166,2001-05-16,1256.5,1291.25,1236.0,1288.5,1288.5,166551
167,2001-05-17,1289.0,1299.5,1284.75,1291.5,1291.5,142637
168,2001-05-18,1291.5,1296.0,1283.5,1295.75,1295.75,116856
169,2001-05-21,1295.5,1317.0,1290.25,1314.75,1314.75,116856
170,2001-05-22,1314.75,1319.25,1309.0,1312.5,1312.5,143922
171,2001-05-23,1312.5,1313.25,1290.25,1290.75,1290.75,152405
172,2001-05-24,1290.25,1297.5,1283.0,1294.5,1294.5,91508
173,2001-05-25,1295.25,1300.0,1275.75,1279.5,1279.5,91808
174,2001-05-29,1280.25,1283.5,1266.5,1268.5,1268.5,91808
175,2001-05-30,1267.25,1268.25,1246.75,1250.5,1250.5,148287
176,2001-05-31,1251.0,1264.25,1249.25,1254.5,1254.5,126946
177,2001-06-01,1255.75,1267.25,1247.25,1265.0,1265.0,132432
178,2001-06-04,1264.5,1270.0,1257.0,1269.25,1269.25,103840
179,2001-06-05,1269.25,1288.5,1267.25,1284.5,1284.5,118497
180,2001-06-06,1284.75,1286.25,1269.5,1273.5,1273.5,154186
181,2001-06-07,1271.75,1279.0,1265.75,1277.0,1277.0,15353
182,2001-06-08,1277.25,1285.25,1256.5,1268.75,1268.75,5273
183,2001-06-11,1264.25,1267.0,1249.0,1255.25,1255.25,4024
184,2001-06-12,1255.75,1261.75,1235.5,1253.75,1253.75,3885
185,2001-06-13,1253.0,1260.0,1241.5,1242.0,1242.0,2000
186,2001-06-14,1242.0,1252.5,1212.5,1215.0,1215.0,2380
187,2001-06-15,1213.5,1219.5,1204.25,1207.5,1207.5,145621
188,2001-06-18,1226.0,1230.5,1215.75,1220.25,1220.25,129875
189,2001-06-19,1220.0,1235.5,1215.5,1224.5,1224.5,164920
190,2001-06-20,1223.5,1234.75,1216.5,1229.5,1229.5,180882
191,2001-06-21,1229.0,1249.25,1226.25,1243.0,1243.0,155020
192,2001-06-22,1242.5,1244.25,1228.0,1235.0,1235.0,122986
193,2001-06-25,1234.0,1240.0,1220.75,1223.5,1223.5,112757
194,2001-06-26,1223.75,1229.5,1206.0,1220.75,1220.75,148487
195,2001-06-27,1220.75,1227.5,1213.75,1219.0,1219.0,140324
196,2001-06-28,1220.0,1244.75,1213.25,1227.25,1227.25,151191
197,2001-06-29,1227.75,1245.5,1227.75,1237.75,1237.75,134631
198,2001-07-02,1233.5,1248.25,1229.0,1246.0,1246.0,57913
199,2001-07-03,1246.0,1247.25,1235.75,1245.25,1245.25,57913
200,2001-07-05,1245.25,1245.25,1221.5,1222.25,1222.25,70416
201,2001-07-06,1222.0,1223.5,1193.0,1193.5,1193.5,128218
202,2001-07-09,1194.5,1209.25,1189.0,1200.75,1200.75,139075
203,2001-07-10,1202.5,1210.75,1186.0,1186.5,1186.5,164772
204,2001-07-11,1185.25,1193.25,1174.0,1185.25,1185.25,186472
205,2001-07-12,1187.5,1217.5,1186.25,1214.25,1214.25,152005
206,2001-07-13,1214.5,1225.75,1209.5,1225.0,1225.0,127109
207,2001-07-16,1224.5,1225.5,1205.75,1210.5,1210.5,133609
208,2001-07-17,1210.25,1222.5,1201.5,1220.5,1220.5,163156
209,2001-07-18,1219.25,1221.0,1202.5,1212.0,1212.0,170044
210,2001-07-19,1210.0,1231.5,1207.75,1223.0,1223.0,182607
211,2001-07-20,1217.75,1221.25,1211.25,1214.75,1214.75,116044
212,2001-07-23,1215.0,1223.5,1191.5,1192.0,1192.0,147690
213,2001-07-24,1193.75,1196.75,1168.5,1178.5,1178.5,173722
214,2001-07-25,1179.0,1195.75,1176.0,1191.5,1191.5,172106
215,2001-07-26,1192.5,1209.75,1186.0,1205.25,1205.25,149254
216,2001-07-27,1205.75,1214.25,1200.0,1210.0,1210.0,127497
217,2001-07-30,1210.0,1214.5,1203.0,1209.75,1209.75,125524
218,2001-07-31,1210.25,1227.75,1209.0,1215.25,1215.25,131948
219,2001-08-01,1214.0,1227.5,1210.75,1221.5,1221.5,138248
220,2001-08-02,1220.25,1234.25,1219.0,1226.0,1226.0,119946
221,2001-08-03,1226.25,1227.75,1209.0,1219.75,1219.75,140720
222,2001-08-06,1219.75,1221.0,1200.75,1203.0,1203.0,116564
223,2001-08-07,1203.75,1212.25,1198.25,1207.75,1207.75,118342
224,2001-08-08,1210.0,1211.5,1183.75,1185.5,1185.5,165090
225,2001-08-09,1185.75,1189.25,1177.75,1187.75,1187.75,167818
226,2001-08-10,1188.0,1197.5,1172.0,1191.25,1191.25,174116
227,2001-08-13,1193.0,1197.75,1186.75,1192.5,1192.5,129706
228,2001-08-14,1193.0,1202.75,1187.25,1192.25,1192.25,135535
229,2001-08-15,1192.5,1195.25,1179.5,1181.0,1181.0,147574
230,2001-08-16,1181.25,1186.0,1168.25,1184.75,1184.75,201078
231,2001-08-17,1185.0,1185.0,1158.25,1166.0,1166.0,161599
232,2001-08-20,1164.75,1177.0,1161.0,1175.75,1175.75,133864
233,2001-08-21,1176.25,1183.5,1155.75,1156.75,1156.75,143288
234,2001-08-22,1156.25,1172.0,1155.25,1167.75,1167.75,199995
235,2001-08-23,1169.0,1172.75,1162.25,1163.0,1163.0,150673
236,2001-08-24,1164.75,1189.0,1164.75,1187.5,1187.5,159590
237,2001-08-27,1187.75,1192.0,1179.5,1180.25,1180.25,131497
238,2001-08-28,1180.5,1182.5,1162.75,1163.25,1163.25,154466
239,2001-08-29,1163.0,1168.75,1148.25,1152.0,1152.0,165135
240,2001-08-30,1152.25,1156.25,1125.5,1129.5,1129.5,200188
241,2001-08-31,1129.75,1144.25,1127.0,1138.5,1138.5,122586
242,2001-09-04,1137.5,1158.5,1128.25,1131.0,1131.0,199048
243,2001-09-05,1131.0,1138.5,1115.0,1133.0,1133.0,242276
244,2001-09-06,1133.5,1137.0,1103.0,1103.5,1103.5,205503
245,2001-09-07,1106.75,1109.0,1081.75,1083.25,1083.25,231563
246,2001-09-10,1084.0,1099.0,1067.5,1095.75,1095.75,243100
247,2001-09-11,1096.25,1103.0,1068.0,1095.75,1095.75,0
248,2001-09-17,1035.75,1058.25,1018.5,1039.0,1039.0,230918
249,2001-09-18,1042.0,1047.5,1028.5,1035.0,1035.0,19408
250,2001-09-19,1037.0,1045.0,980.75,1013.0,1013.0,11300
251,2001-09-20,1014.5,1018.5,980.25,980.25,980.25,5461
252,2001-09-21,976.75,989.0,939.0,940.0,940.0,310764
253,2001-09-24,976.25,1012.25,973.25,1007.75,1007.75,237775
254,2001-09-25,1008.0,1021.0,997.0,1018.25,1018.25,248202
255,2001-09-26,1018.0,1025.25,1004.5,1014.5,1014.5,216020
256,2001-09-27,1014.0,1023.75,1000.25,1022.5,1022.5,195769
257,2001-09-28,1022.75,1045.25,1021.75,1043.75,1043.75,210521
258,2001-10-01,1044.25,1044.25,1028.75,1043.25,1043.25,198018
259,2001-10-02,1042.0,1056.0,1034.25,1055.5,1055.5,205915
260,2001-10-03,1054.25,1078.75,1041.25,1074.5,1074.5,271455
261,2001-10-04,1072.5,1087.5,1068.5,1075.5,1075.5,281825
262,2001-10-05,1073.75,1081.75,1055.25,1071.75,1071.75,243154
263,2001-10-08,1067.0,1072.75,1055.75,1065.25,1065.25,175904
264,2001-10-09,1064.25,1071.5,1055.75,1060.0,1060.0,208269
265,2001-10-10,1060.0,1085.25,1054.75,1083.25,1083.25,240136
266,2001-10-11,1083.75,1102.75,1079.5,1099.75,1099.75,248488
267,2001-10-12,1102.25,1106.0,1073.0,1094.0,1094.0,265381
268,2001-10-15,1092.75,1093.75,1080.25,1092.5,1092.5,193478
269,2001-10-16,1091.25,1105.0,1088.75,1098.75,1098.75,226480
270,2001-10-17,1097.5,1114.5,1075.5,1076.0,1076.0,293529
271,2001-10-18,1075.75,1081.0,1065.75,1073.75,1073.75,234202
272,2001-10-19,1073.75,1078.0,1058.75,1072.5,1072.5,205611
273,2001-10-22,1072.5,1094.5,1068.0,1093.5,1093.5,183283
274,2001-10-23,1093.0,1101.75,1081.5,1088.25,1088.25,232132
275,2001-10-24,1087.0,1099.25,1080.25,1085.0,1085.0,219638
276,2001-10-25,1085.75,1104.5,1065.75,1103.0,1103.0,271959
277,2001-10-26,1103.0,1112.5,1095.0,1102.0,1102.0,190117
278,2001-10-29,1103.25,1103.25,1072.25,1073.0,1073.0,227696
279,2001-10-30,1074.25,1074.75,1053.5,1059.25,1059.25,237684
280,2001-10-31,1059.0,1076.25,1055.5,1056.25,1056.25,241692
281,2001-11-01,1057.5,1087.75,1053.25,1082.0,1082.0,275542
282,2001-11-02,1082.5,1091.25,1075.0,1089.5,1089.5,211978
283,2001-11-05,1089.25,1108.25,1088.0,1103.75,1103.75,183836
284,2001-11-06,1106.0,1121.75,1095.25,1121.0,1121.0,179207
285,2001-11-07,1120.5,1128.0,1108.75,1119.0,1119.0,237184
286,2001-11-08,1118.5,1137.5,1116.0,1123.5,1123.5,242657
287,2001-11-09,1122.75,1126.5,1111.25,1123.5,1123.5,182124
288,2001-11-12,1122.5,1127.0,1096.5,1117.25,1117.25,214790
289,2001-11-13,1116.75,1142.0,1115.25,1141.75,1141.75,229310
290,2001-11-14,1141.5,1152.25,1133.75,1143.5,1143.5,226973
291,2001-11-15,1142.25,1152.0,1135.25,1145.25,1145.25,230883
292,2001-11-16,1145.5,1151.5,1130.25,1140.0,1140.0,194296
293,2001-11-19,1140.5,1154.75,1140.25,1154.0,1154.0,173058
294,2001-11-20,1154.25,1155.5,1142.25,1144.25,1144.25,170204
295,2001-11-21,1143.25,1149.0,1131.0,1137.0,1137.0,57065
296,2001-11-23,1137.0,1153.75,1131.5,1152.75,1152.75,57065
297,2001-11-26,1152.5,1159.0,1146.25,1155.0,1155.0,198769
298,2001-11-27,1155.5,1164.75,1140.75,1150.5,1150.5,259831
299,2001-11-28,1150.0,1151.0,1128.25,1129.25,1129.25,267883
300,2001-11-29,1129.75,1144.5,1125.0,1144.5,1144.5,220853
301,2001-11-30,1144.5,1144.5,1135.0,1135.25,1135.25,169772
302,2001-12-03,1137.25,1138.25,1125.25,1129.5,1129.5,193563
303,2001-12-04,1129.0,1148.0,1127.75,1147.75,1147.75,209468
304,2001-12-05,1147.5,1175.25,1145.5,1169.0,1169.0,220546
305,2001-12-06,1168.5,1174.5,1164.0,1168.5,1168.5,203750
306,2001-12-07,1168.75,1170.5,1152.25,1160.5,1160.5,178238
307,2001-12-10,1160.5,1162.5,1138.5,1138.75,1138.75,184921
308,2001-12-11,1139.25,1151.75,1133.5,1136.25,1136.25,201757
309,2001-12-12,1136.75,1143.5,1125.75,1137.75,1137.75,230980
310,2001-12-13,1138.0,1138.5,1114.5,1115.75,1115.75,25640
311,2001-12-14,1115.5,1138.0,1114.25,1126.0,1126.0,9597
312,2001-12-17,1124.25,1138.0,1119.25,1136.0,1136.0,5185
313,2001-12-18,1138.75,1145.75,1134.5,1143.5,1143.5,5623
314,2001-12-19,1142.75,1153.25,1134.25,1151.75,1151.75,6045
315,2001-12-20,1151.0,1152.25,1139.0,1139.0,1139.0,4786
316,2001-12-21,1142.75,1152.0,1138.75,1149.75,1149.75,19350
317,2001-12-24,1148.25,1149.25,1142.75,1146.75,1146.75,19350
318,2001-12-26,1145.25,1161.0,1143.25,1153.0,1153.0,68154
319,2001-12-27,1152.5,1159.75,1150.5,1159.5,1159.5,73349
320,2001-12-28,1159.0,1166.25,1157.75,1159.25,1159.25,81393
321,2001-12-31,1159.25,1163.0,1141.25,1149.25,1149.25,96049
322,2002-01-02,1143.75,1156.25,1136.5,1154.0,1154.0,216814
323,2002-01-03,1154.0,1168.0,1150.75,1166.75,1166.75,209639
324,2002-01-04,1167.0,1178.25,1163.75,1175.25,1175.25,217254
325,2002-01-07,1173.25,1178.5,1163.75,1166.75,1166.75,252385
326,2002-01-08,1166.5,1170.25,1158.0,1163.5,1163.5,214929
327,2002-01-09,1163.0,1175.75,1151.5,1154.5,1154.5,244405
328,2002-01-10,1153.75,1161.5,1151.0,1159.5,1159.5,240437
329,2002-01-11,1159.0,1163.5,1145.25,1147.75,1147.75,210448
330,2002-01-14,1147.5,1148.0,1137.5,1140.5,1140.5,211627
331,2002-01-15,1140.25,1150.0,1136.75,1148.5,1148.5,237659
332,2002-01-16,1144.0,1145.25,1124.75,1125.75,1125.75,287021
333,2002-01-17,1126.5,1140.0,1126.5,1134.5,1134.5,228632
334,2002-01-18,1131.25,1136.0,1124.25,1129.0,1129.0,207991
335,2002-01-22,1129.25,1136.75,1117.75,1121.25,1121.25,232639
336,2002-01-23,1122.5,1132.75,1117.5,1129.0,1129.0,225856
337,2002-01-24,1129.25,1139.75,1128.75,1133.25,1133.25,213161
338,2002-01-25,1132.75,1139.0,1127.5,1133.25,1133.25,188073
339,2002-01-28,1132.5,1139.0,1126.25,1135.5,1135.5,192217
340,2002-01-29,1136.0,1138.25,1097.5,1100.5,1100.5,317488
341,2002-01-30,1100.5,1115.75,1080.75,1115.25,1115.25,351667
342,2002-01-31,1115.5,1130.0,1113.0,1130.5,1130.5,232762
343,2002-02-01,1128.75,1132.25,1118.5,1123.25,1123.25,193618
344,2002-02-04,1123.25,1124.0,1091.0,1095.5,1095.5,265893
345,2002-02-05,1095.5,1101.5,1082.25,1089.0,1089.0,320617
346,2002-02-06,1089.25,1094.5,1077.0,1083.25,1083.25,344677
347,2002-02-07,1086.25,1095.0,1076.25,1077.0,1077.0,306289
348,2002-02-08,1076.25,1096.75,1075.5,1095.25,1095.25,244390
349,2002-02-11,1097.0,1112.75,1094.25,1110.0,1110.0,226677
350,2002-02-12,1110.5,1113.25,1102.5,1107.5,1107.5,203828
351,2002-02-13,1107.25,1121.5,1105.25,1118.75,1118.75,246722
352,2002-02-14,1119.0,1125.5,1111.75,1116.75,1116.75,229777
353,2002-02-15,1116.5,1118.0,1103.0,1104.75,1104.75,229777
354,2002-02-18,1104.0,1108.0,1103.5,1104.75,1104.75,221738
355,2002-02-19,1104.0,1108.0,1081.75,1083.75,1083.75,249155
356,2002-02-20,1084.0,1101.5,1073.75,1101.0,1101.0,321713
357,2002-02-21,1100.5,1102.0,1078.25,1079.0,1079.0,323446
358,2002-02-22,1079.25,1095.0,1074.25,1091.75,1091.75,356770
359,2002-02-25,1092.0,1113.5,1087.0,1109.75,1109.75,285520
360,2002-02-26,1109.25,1116.0,1100.5,1108.0,1108.0,298360
361,2002-02-27,1108.0,1123.75,1101.75,1111.75,1111.75,366137
362,2002-02-28,1112.0,1122.75,1105.75,1107.0,1107.0,330573
363,2002-03-01,1106.25,1133.5,1106.0,1132.75,1132.75,272762
364,2002-03-04,1131.0,1154.75,1130.0,1152.25,1152.25,346406
365,2002-03-05,1152.5,1158.75,1144.5,1149.0,1149.0,340314
366,2002-03-06,1148.5,1166.25,1145.25,1162.75,1162.75,360072
367,2002-03-07,1162.25,1168.75,1150.25,1159.75,1159.75,36221
368,2002-03-08,1158.75,1173.25,1158.0,1164.0,1164.0,10314
369,2002-03-11,1164.0,1173.5,1158.75,1166.5,1166.5,6534
370,2002-03-12,1165.25,1167.25,1153.75,1167.25,1167.25,7070
371,2002-03-13,1166.0,1170.75,1150.5,1154.5,1154.5,3770
372,2002-03-14,1151.5,1158.25,1147.25,1155.75,1155.75,4051
373,2002-03-15,1154.25,1159.0,1152.5,1158.5999755859375,1158.5999755859375,227876
374,2002-03-18,1166.0,1175.75,1161.0,1167.25,1167.25,274847
375,2002-03-19,1167.0,1177.5,1166.75,1174.25,1174.25,261004
376,2002-03-20,1174.25,1175.25,1151.75,1152.25,1152.25,302166
377,2002-03-21,1152.25,1158.5,1141.25,1152.75,1152.75,290501
378,2002-03-22,1153.0,1159.0,1146.75,1149.75,1149.75,231494
379,2002-03-25,1149.0,1153.25,1133.0,1135.5,1135.5,255031
380,2002-03-26,1135.5,1149.5,1134.0,1142.5,1142.5,289497
381,2002-03-27,1142.0,1149.25,1136.75,1145.0,1145.0,265959
382,2002-03-28,1144.5,1156.75,1143.25,1144.75,1144.75,190233
383,2002-04-01,1145.25,1150.0,1134.25,1144.5,1144.5,226002
384,2002-04-02,1145.0,1145.0,1137.0,1138.5,1138.5,270855
385,2002-04-03,1137.5,1141.25,1120.75,1130.25,1130.25,297820
386,2002-04-04,1129.75,1132.75,1121.0,1126.0,1126.0,335576
387,2002-04-05,1127.25,1135.0,1120.5,1125.5,1125.5,290784
388,2002-04-08,1126.0,1128.75,1110.0,1128.0,1128.0,354121
389,2002-04-09,1129.25,1131.5,1117.75,1120.5,1120.5,333302
390,2002-04-10,1120.5,1133.5,1119.0,1132.25,1132.25,417344
391,2002-04-11,1132.0,1133.0,1103.0,1104.0,1104.0,435034
392,2002-04-12,1103.5,1114.5,1103.5,1112.0,1112.0,350240
393,2002-04-15,1112.5,1116.75,1100.0,1104.25,1104.25,348581
394,2002-04-16,1104.0,1131.0,1104.0,1129.75,1129.75,298111
395,2002-04-17,1131.5,1135.75,1123.75,1128.0,1128.0,281483
396,2002-04-18,1127.25,1132.75,1108.5,1123.0,1123.0,359020
397,2002-04-19,1119.0,1130.75,1116.5,1126.5,1126.5,210311
398,2002-04-22,1127.5,1128.0,1106.0,1108.5,1108.5,274229
399,2002-04-23,1109.25,1113.75,1099.25,1102.75,1102.75,355381
400,2002-04-24,1102.75,1109.75,1091.5,1091.75,1091.75,345431
401,2002-04-25,1092.75,1095.0,1083.5,1092.5,1092.5,371957
402,2002-04-26,1093.0,1097.75,1070.25,1071.25,1071.25,359819
403,2002-04-29,1072.25,1079.75,1063.5,1065.0,1065.0,325832
404,2002-04-30,1065.5,1083.25,1063.5,1076.0,1076.0,323154
405,2002-05-01,1076.75,1089.25,1064.75,1088.25,1088.25,379536
406,2002-05-02,1088.25,1092.25,1079.25,1084.75,1084.75,310755
407,2002-05-03,1085.0,1088.0,1068.75,1073.0,1073.0,312252
408,2002-05-06,1073.75,1076.5,1050.0,1051.75,1051.75,357636
409,2002-05-07,1051.75,1059.75,1045.75,1047.5,1047.5,355300
410,2002-05-08,1051.75,1090.0,1051.25,1086.0,1086.0,420083
411,2002-05-09,1085.5,1090.0,1072.25,1074.25,1074.25,334526
412,2002-05-10,1074.0,1079.5,1052.5,1054.0,1054.0,350010
413,2002-05-13,1054.0,1076.0,1053.5,1075.5,1075.5,353661
414,2002-05-14,1075.5,1099.75,1074.25,1098.25,1098.25,365501
415,2002-05-15,1098.75,1105.25,1089.0,1094.25,1094.25,433309
416,2002-05-16,1093.5,1100.75,1089.25,1099.0,1099.0,349976
417,2002-05-17,1099.5,1109.0,1097.0,1105.25,1105.25,296585
418,2002-05-20,1104.75,1106.5,1090.75,1093.5,1093.5,264978
419,2002-05-21,1093.25,1100.75,1079.25,1082.75,1082.75,346435
420,2002-05-22,1083.0,1086.75,1075.5,1085.0,1085.0,336004
421,2002-05-23,1084.5,1099.25,1080.5,1096.5,1096.5,349488
422,2002-05-24,1097.5,1101.0,1082.0,1082.5,1082.5,349488
423,2002-05-27,1083.25,1090.0,1082.75,1085.5,1085.5,248708
424,2002-05-28,1083.25,1090.0,1070.0,1076.5,1076.5,358643
425,2002-05-29,1076.5,1077.5,1066.75,1068.25,1068.25,309031
426,2002-05-30,1068.25,1073.0,1054.25,1065.5,1065.5,395294
427,2002-05-31,1065.5,1080.75,1062.75,1064.0,1064.0,333444
428,2002-06-03,1066.25,1071.0,1036.5,1038.5,1038.5,452872
429,2002-06-04,1038.75,1047.0,1030.75,1042.0,1042.0,568362
430,2002-06-05,1042.5,1051.5,1038.5,1050.5,1050.5,400761
431,2002-06-06,1051.5,1053.75,1025.25,1029.5,1029.5,484645
432,2002-06-07,1016.0,1034.0,1010.25,1028.25,1028.25,429243
433,2002-06-10,1029.25,1039.25,1025.0,1032.25,1032.25,319397
434,2002-06-11,1031.75,1045.0,1012.0,1014.0,1014.0,445770
435,2002-06-12,1014.0,1022.75,1002.5,1020.5,1020.5,607619
436,2002-06-13,1020.0,1027.0,1007.75,1010.5,1010.5,43143
437,2002-06-14,1010.75,1011.0,978.75,1009.0,1009.0,27686
438,2002-06-17,1010.75,1037.75,1003.5,1035.25,1035.25,10492
439,2002-06-18,1035.75,1044.75,1029.5,1044.75,1044.75,14533
440,2002-06-19,1040.25,1041.5,1017.25,1019.5,1019.5,10205
441,2002-06-20,1021.75,1025.0,1004.5,1006.5,1006.5,12715
442,2002-06-21,1006.5,1012.5,996.0,998.0,998.0,442517
443,2002-06-24,992.5,1005.5,971.0,996.75,996.75,647193
444,2002-06-25,995.75,1007.25,973.75,974.5,974.5,527896
445,2002-06-26,975.0,979.75,945.5,974.75,974.75,699054
446,2002-06-27,975.5,993.0,964.0,991.75,991.75,616024
447,2002-06-28,992.25,1003.25,986.0,988.0,988.0,366376
448,2002-07-01,989.0,996.25,967.0,969.0,969.0,420864
449,2002-07-02,969.75,974.25,945.5,947.75,947.75,587772
450,2002-07-03,948.25,955.5,934.75,953.0,953.0,587772
451,2002-07-04,953.25,954.25,950.25,952.5,952.5,417776
452,2002-07-05,953.25,993.0,950.25,991.0,991.0,203364
453,2002-07-08,990.5,995.75,973.25,978.25,978.25,504371
454,2002-07-09,978.25,981.75,951.5,954.75,954.75,524564
455,2002-07-10,954.5,961.5,917.75,918.75,918.75,716068
456,2002-07-11,919.75,930.5,900.5,927.0,927.0,791119
457,2002-07-12,928.0,938.0,912.75,916.75,916.75,520596
458,2002-07-15,916.75,921.75,875.75,920.5,920.5,806721
459,2002-07-16,920.5,924.0,894.75,903.25,903.25,812924
460,2002-07-17,901.0,929.75,891.5,904.5,904.5,698809
461,2002-07-18,906.5,918.75,874.25,875.5,875.5,608179
462,2002-07-19,874.5,879.0,839.75,844.5,844.5,658101
463,2002-07-22,842.75,856.25,810.75,819.0,819.0,925735
464,2002-07-23,820.5,836.25,794.25,796.25,796.25,877937
465,2002-07-24,795.25,847.5,771.0,844.75,844.75,975947
466,2002-07-25,844.75,854.75,812.5,836.5,836.5,881267
467,2002-07-26,837.25,855.75,824.75,852.75,852.75,544176
468,2002-07-29,855.0,900.0,852.5,893.5,893.5,532257
469,2002-07-30,894.25,910.25,883.5,905.5,905.5,697449
470,2002-07-31,904.5,916.0,888.75,908.0,908.0,570156
471,2002-08-01,909.25,911.5,879.0,883.75,883.75,652038
472,2002-08-02,883.5,885.5,852.5,864.0,864.0,534536
473,2002-08-05,865.0,867.75,831.5,833.75,833.75,553381
474,2002-08-06,833.25,875.0,828.5,861.75,861.75,585765
475,2002-08-07,859.5,880.5,853.5,876.25,876.25,637127
476,2002-08-08,876.5,906.75,873.75,905.5,905.5,618677
477,2002-08-09,904.75,914.75,889.75,907.75,907.75,494097
478,2002-08-12,906.5,908.25,891.25,902.25,902.25,406946
479,2002-08-13,902.5,912.25,882.0,885.5,885.5,576910
480,2002-08-14,884.25,921.25,875.75,918.0,918.0,703547
481,2002-08-15,918.75,935.75,915.75,930.0,930.0,591566
482,2002-08-16,929.75,936.0,915.0,927.5,927.5,430166
483,2002-08-19,928.25,952.5,921.5,948.75,948.75,427142
484,2002-08-20,948.25,949.5,931.5,939.75,939.75,473767
485,2002-08-21,939.75,953.0,931.0,952.0,952.0,526005
486,2002-08-22,951.25,966.0,946.0,961.0,961.0,440714
487,2002-08-23,961.0,962.25,936.5,940.75,940.75,344364
488,2002-08-26,940.25,951.5,929.75,947.75,947.75,458916
489,2002-08-27,947.25,956.5,929.75,936.25,936.25,510032
490,2002-08-28,936.75,937.0,913.0,916.5,916.5,469850
491,2002-08-29,916.5,925.25,902.5,916.5,916.5,476152
492,2002-08-30,915.5,928.75,909.0,912.25,912.25,476152
493,2002-09-02,913.25,913.25,907.5,908.5,908.5,286234
494,2002-09-03,913.25,913.25,876.0,877.75,877.75,504632
495,2002-09-04,877.25,896.75,875.0,890.5,890.5,613561
496,2002-09-05,890.0,891.0,869.25,883.25,883.25,644464
497,2002-09-06,884.5,900.0,881.5,894.75,894.75,479200
498,2002-09-09,892.5,908.0,882.5,900.75,900.75,521686
499,2002-09-10,900.25,912.25,898.5,911.25,911.25,510950
500,2002-09-11,911.0,927.5,905.5,905.75,905.75,427006
501,2002-09-12,906.25,908.75,884.25,889.5,889.5,72342
502,2002-09-13,889.0,893.25,876.0,891.5,891.5,26965
503,2002-09-16,891.25,894.0,879.0,892.5,892.5,14078
504,2002-09-17,893.5,915.75,871.75,872.25,872.25,30590
505,2002-09-18,870.0,879.0,856.75,863.75,863.75,17740
506,2002-09-19,863.25,863.5,841.5,841.75,841.75,16870
507,2002-09-20,842.75,849.5,841.25,847.0,847.0,517443
508,2002-09-23,843.5,846.0,824.5,833.75,833.75,596003
509,2002-09-24,835.5,835.75,815.5,820.75,820.75,689228
510,2002-09-25,821.75,845.0,810.25,841.25,841.25,715420
511,2002-09-26,842.75,857.25,837.25,854.5,854.5,700147
512,2002-09-27,853.0,857.0,824.25,825.25,825.25,620681
513,2002-09-30,825.25,826.0,798.25,815.0,815.0,753340
514,2002-10-01,816.5,854.5,810.25,854.5,854.5,746897
515,2002-10-02,853.75,854.75,823.0,830.75,830.75,804722
516,2002-10-03,829.0,840.5,816.25,820.0,820.0,795709
517,2002-10-04,819.75,830.25,792.25,806.0,806.0,850508
518,2002-10-07,804.75,808.75,782.0,788.5,788.5,752007
519,2002-10-08,788.25,810.0,778.5,800.5,800.5,977753
520,2002-10-09,801.5,803.5,774.5,778.25,778.25,991686
521,2002-10-10,778.5,807.25,767.25,803.0,803.0,878748
522,2002-10-11,803.0,844.0,799.25,838.25,838.25,733504
523,2002-10-14,836.75,845.0,827.5,842.25,842.25,497294
524,2002-10-15,842.25,884.0,841.5,883.75,883.75,910545
525,2002-10-16,874.5,885.25,855.5,862.75,862.75,737766
526,2002-10-17,865.5,888.75,863.5,878.75,878.75,621766
527,2002-10-18,885.5,889.5,865.75,883.25,883.25,609515
528,2002-10-21,882.0,901.75,872.5,898.75,898.75,646050
529,2002-10-22,897.25,897.25,881.5,891.5,891.5,608452
530,2002-10-23,890.5,899.0,873.0,898.25,898.25,769969
531,2002-10-24,897.75,905.0,877.5,880.5,880.5,781977
532,2002-10-25,879.0,900.0,875.25,898.75,898.75,628869
533,2002-10-28,900.25,909.25,885.0,891.75,891.75,614252
534,2002-10-29,891.75,893.25,866.0,881.5,881.5,742826
535,2002-10-30,881.5,895.75,877.0,889.75,889.75,788491
536,2002-10-31,889.0,898.75,877.75,885.5,885.5,684690
537,2002-11-01,882.0,904.0,875.0,898.5,898.5,617612
538,2002-11-04,905.75,925.0,904.75,907.5,907.5,546383
539,2002-11-05,906.5,915.75,903.75,914.0,914.0,517610
540,2002-11-06,915.25,926.5,903.0,925.75,925.75,743375
541,2002-11-07,926.0,926.25,897.0,902.75,902.75,634244
542,2002-11-08,905.75,910.75,890.5,891.5,891.5,587172
543,2002-11-11,892.0,894.0,873.0,877.75,877.75,407126
544,2002-11-12,877.75,894.5,875.75,884.75,884.75,602744
545,2002-11-13,885.0,892.75,870.25,885.75,885.75,757522
546,2002-11-14,886.0,905.75,881.25,902.5,902.5,631810
547,2002-11-15,902.25,910.5,894.5,909.0,909.0,557849
548,2002-11-18,909.0,917.5,898.5,900.0,900.0,526690
549,2002-11-19,899.5,905.75,892.25,898.0,898.0,598001
550,2002-11-20,898.25,919.25,893.25,918.75,918.75,620615
551,2002-11-21,919.0,936.75,916.5,935.5,935.5,628101
552,2002-11-22,935.75,937.5,927.25,928.75,928.75,464042
553,2002-11-25,929.0,937.25,922.5,929.75,929.75,505244
554,2002-11-26,930.0,932.5,910.75,911.5,911.5,523417
555,2002-11-27,912.75,941.0,912.0,937.75,937.75,523417
556,2002-11-28,938.25,941.5,935.0,939.5,939.5,430465
557,2002-11-29,938.25,942.5,930.75,936.0,936.0,151426
558,2002-12-02,934.0,955.25,926.75,935.25,935.25,653891
559,2002-12-03,935.75,939.5,917.75,923.75,923.75,629913
560,2002-12-04,923.25,925.75,908.75,919.0,919.0,758699
561,2002-12-05,919.25,926.25,905.25,908.5,908.5,651673
562,2002-12-06,909.75,916.0,891.75,913.75,913.75,726066
563,2002-12-09,913.75,917.75,889.0,889.5,889.5,568754
564,2002-12-10,889.5,905.25,888.75,902.0,902.0,536345
565,2002-12-11,902.25,910.25,895.5,902.25,902.25,523288
566,2002-12-12,902.25,908.75,896.25,902.0,902.0,72865
567,2002-12-13,901.75,903.25,887.0,887.5,887.5,37485
568,2002-12-16,886.25,912.0,885.5,910.25,910.25,21798
569,2002-12-17,910.25,912.0,901.25,902.75,902.75,21595
570,2002-12-18,903.5,904.0,887.0,892.25,892.25,11154
571,2002-12-19,893.25,908.75,879.75,886.0,886.0,15003
572,2002-12-20,884.5,895.25,884.5,891.1099853515625,891.1099853515625,361821
573,2002-12-23,896.25,902.0,890.25,897.0,897.0,247476
574,2002-12-24,897.0,900.0,890.0,891.5,891.5,95319
575,2002-12-26,890.25,903.25,885.75,890.75,890.75,193489
576,2002-12-27,890.25,891.5,871.25,871.75,871.75,256017
577,2002-12-30,872.25,881.5,869.0,877.5,877.5,327933
578,2002-12-31,878.0,881.0,868.0,879.0,879.0,302443
579,2003-01-02,883.0,909.75,882.5,907.5,907.5,469308
580,2003-01-03,907.5,910.75,901.75,910.0,910.0,420723
581,2003-01-06,911.0,931.5,903.75,926.5,926.5,541644
582,2003-01-07,926.0,930.5,918.75,923.75,923.75,670729
583,2003-01-08,923.75,923.75,907.25,910.0,910.0,642338
584,2003-01-09,910.25,928.5,908.0,924.75,924.75,618017
585,2003-01-10,925.75,933.0,915.0,926.5,926.5,693024
586,2003-01-13,926.5,937.0,920.75,926.5,926.5,690749
587,2003-01-14,926.25,931.5,920.5,929.25,929.25,529887
588,2003-01-15,927.25,932.75,915.5,921.0,921.0,593761
589,2003-01-16,919.75,925.75,910.75,916.5,916.5,629942
590,2003-01-17,917.0,923.5,897.75,903.0,903.0,629942
591,2003-01-20,903.25,907.25,901.75,903.75,903.75,487767
592,2003-01-21,903.25,907.25,886.0,888.5,888.5,548963
593,2003-01-22,888.5,891.75,876.0,877.5,877.5,638614
594,2003-01-23,878.25,889.75,875.5,883.0,883.0,689708
595,2003-01-24,883.0,885.5,857.5,860.25,860.25,770020
596,2003-01-27,860.25,863.75,842.25,847.25,847.25,811260
597,2003-01-28,848.25,860.0,845.0,854.5,854.5,744867
598,2003-01-29,855.25,867.75,836.0,860.75,860.75,837194
599,2003-01-30,861.0,866.75,839.75,840.0,840.0,749161
600,2003-01-31,840.5,857.75,836.5,854.75,854.75,803363
601,2003-02-03,854.75,864.0,854.0,858.5,858.5,570817
602,2003-02-04,858.5,861.0,838.25,849.25,849.25,745702
603,2003-02-05,847.5,861.0,840.5,844.5,844.5,772112
604,2003-02-06,844.25,845.5,832.0,840.5,840.5,796603
605,2003-02-07,839.5,849.5,825.25,830.5,830.5,685741
606,2003-02-10,831.5,836.75,822.25,836.0,836.0,651782
607,2003-02-11,836.5,842.75,823.5,829.75,829.75,662308
608,2003-02-12,829.75,831.5,816.25,816.75,816.75,621031
609,2003-02-13,817.5,822.5,805.25,819.0,819.0,738507
610,2003-02-14,819.75,837.25,813.75,837.0,837.0,738507
611,2003-02-17,839.25,842.0,836.0,841.25,841.25,728304
612,2003-02-18,839.25,853.25,836.0,851.5,851.5,547104
613,2003-02-19,851.25,852.0,837.75,846.75,846.75,504111
614,2003-02-20,846.75,851.75,835.75,838.75,838.75,591809
615,2003-02-21,838.75,852.25,829.75,847.25,847.25,678201
616,2003-02-24,847.5,850.5,831.0,832.5,832.5,543074
617,2003-02-25,832.5,840.0,817.25,839.75,839.75,819005
618,2003-02-26,839.75,843.25,825.75,827.75,827.75,669295
619,2003-02-27,827.5,842.75,825.25,838.25,838.25,727683
620,2003-02-28,838.25,847.0,833.75,841.0,841.0,570659
621,2003-03-03,844.0,853.0,832.0,835.5,835.5,543604
622,2003-03-04,835.25,836.75,821.25,822.25,822.25,537918
623,2003-03-05,822.25,830.0,818.25,829.5,829.5,718141
624,2003-03-06,829.5,830.5,819.0,821.75,821.75,740696
625,2003-03-07,819.75,829.75,809.0,828.5,828.5,863148
626,2003-03-10,827.5,828.25,805.5,807.75,807.75,615741
627,2003-03-11,807.5,814.75,799.5,800.25,800.25,756699
628,2003-03-12,800.5,806.0,788.5,805.75,805.75,870057
629,2003-03-13,805.75,833.75,804.0,833.25,833.25,150077
630,2003-03-14,833.0,843.5,828.0,834.25,834.25,59767
631,2003-03-17,831.5,864.0,823.5,862.0,862.0,49994
632,2003-03-18,862.5,873.75,857.25,867.25,867.25,43349
633,2003-03-19,867.75,875.5,861.0,873.5,873.5,30850
634,2003-03-20,873.25,880.0,858.25,875.75,875.75,24984
635,2003-03-21,875.75,888.5,874.5,887.1599731445312,887.1599731445312,795953
636,2003-03-24,885.5,885.5,860.5,863.5,863.5,687937
637,2003-03-25,863.75,879.25,856.0,872.25,872.25,732576
638,2003-03-26,872.75,875.5,864.75,868.0,868.0,579032
639,2003-03-27,868.0,873.5,856.75,867.5,867.5,585527
640,2003-03-28,867.5,869.5,859.25,863.0,863.0,458814
641,2003-03-31,858.5,859.75,840.0,847.0,847.0,633339
642,2003-04-01,844.5,860.5,843.0,856.75,856.75,760265
643,2003-04-02,856.0,884.25,855.0,877.25,877.25,611726
644,2003-04-03,877.75,888.75,873.0,873.25,873.25,639921
645,2003-04-04,873.5,884.25,870.75,878.5,878.5,666105
646,2003-04-07,883.0,905.0,876.25,877.0,877.0,765439
647,2003-04-08,877.25,888.0,873.5,878.25,878.25,602987
648,2003-04-09,878.5,887.25,864.25,866.75,866.75,833414
649,2003-04-10,867.0,872.5,861.5,871.75,871.75,559969
650,2003-04-11,871.75,883.5,864.75,868.25,868.25,593582
651,2003-04-14,871.0,886.5,865.5,886.0,886.0,544169
652,2003-04-15,886.5,894.0,880.0,893.75,893.75,604335
653,2003-04-16,896.25,903.5,876.5,878.75,878.75,664044
654,2003-04-17,879.5,893.5,877.75,891.25,891.25,507684
655,2003-04-21,893.0,897.75,886.75,893.0,893.0,472416
656,2003-04-22,892.5,912.0,885.0,909.5,909.5,818667
657,2003-04-23,910.25,919.5,908.5,917.5,917.5,605926
658,2003-04-24,917.5,918.5,905.5,909.75,909.75,594369
659,2003-04-25,909.75,912.75,896.0,898.5,898.5,538212
660,2003-04-28,899.0,918.0,895.25,913.5,913.5,651701
661,2003-04-29,913.25,923.75,909.75,916.0,916.0,764864
662,2003-04-30,916.25,921.5,910.0,916.0,916.0,708681
663,2003-05-01,915.5,916.0,900.5,915.0,915.0,276331
664,2003-05-02,916.75,930.25,910.75,927.5,927.5,593443
665,2003-05-05,927.0,933.5,923.5,926.25,926.25,588037
666,2003-05-06,925.75,939.5,924.25,934.75,934.75,716168
667,2003-05-07,934.5,937.0,925.25,929.5,929.5,650834
668,2003-05-08,929.0,929.25,918.25,920.5,920.5,733728
669,2003-05-09,920.25,933.5,919.25,932.25,932.25,522708
670,2003-05-12,933.25,946.75,928.25,944.25,944.25,590987
671,2003-05-13,943.75,947.25,938.25,942.75,942.75,566810
672,2003-05-14,942.5,948.25,934.5,940.25,940.25,603259
673,2003-05-15,940.0,948.75,938.0,946.25,946.25,638934
674,2003-05-16,945.75,949.75,938.0,944.25,944.25,494993
675,2003-05-19,941.75,941.75,919.5,922.5,922.5,629154
676,2003-05-20,922.5,925.75,911.25,919.25,919.25,771576
677,2003-05-21,919.75,924.25,913.25,922.0,922.0,817480
678,2003-05-22,922.5,935.5,919.75,930.75,930.75,615742
679,2003-05-23,930.5,935.25,926.5,932.25,932.25,615742
680,2003-05-26,932.25,935.0,931.5,934.5,934.5,366154
681,2003-05-27,932.25,953.25,927.0,949.5,949.5,620984
682,2003-05-28,949.5,959.5,948.75,952.0,952.0,658453
683,2003-05-29,951.5,962.25,945.75,949.25,949.25,741751
684,2003-05-30,949.0,966.0,948.25,963.25,963.25,635391
685,2003-06-02,963.75,979.5,963.5,968.25,968.25,876317
686,2003-06-03,966.75,973.25,963.5,972.25,972.25,701725
687,2003-06-04,972.5,988.0,970.25,986.25,986.25,786903
688,2003-06-05,986.0,991.25,977.5,990.75,990.75,769694
689,2003-06-06,990.5,1008.5,986.0,987.75,987.75,889043
690,2003-06-09,986.25,992.0,972.25,977.0,977.0,708826
691,2003-06-10,977.0,987.0,976.25,986.75,986.75,574081
692,2003-06-11,986.5,998.25,981.75,997.25,997.25,740467
693,2003-06-12,997.0,1004.5,990.25,1000.5,1000.5,145388
694,2003-06-13,999.75,1002.25,983.75,989.75,989.75,55625
695,2003-06-16,989.0,1011.25,986.5,1010.5,1010.5,66207
696,2003-06-17,1010.25,1016.75,1006.5,1010.75,1010.75,41033
697,2003-06-18,1008.75,1015.5,1004.0,1009.5,1009.5,26690
698,2003-06-19,1009.25,1014.25,993.0,995.25,995.25,43016
699,2003-06-20,995.5,1003.5,994.25,1001.5599975585938,1001.5599975585938,571235
700,2003-06-23,992.25,992.75,975.5,981.0,981.0,592917
701,2003-06-24,981.0,986.75,977.0,981.5,981.5,697285
702,2003-06-25,981.75,990.25,970.0,972.0,972.0,753408
703,2003-06-26,971.5,986.25,971.25,983.5,983.5,671388
704,2003-06-27,983.75,988.0,972.0,973.25,973.25,575973
705,2003-06-30,974.5,982.75,971.0,973.25,973.25,625846
706,2003-07-01,972.75,982.5,960.25,981.25,981.25,839555
707,2003-07-02,981.5,993.75,981.25,993.0,993.0,585594
708,2003-07-03,993.0,994.25,974.5,982.5,982.5,433116
709,2003-07-07,983.75,1005.0,983.25,1002.5,1002.5,600528
710,2003-07-08,1002.75,1008.5,997.25,1007.5,1007.5,571296
711,2003-07-09,1007.25,1010.0,996.0,1001.0,1001.0,657389
712,2003-07-10,999.5,1000.0,982.0,988.75,988.75,710298
713,2003-07-11,988.75,1000.25,985.25,997.25,997.25,585789
714,2003-07-14,997.25,1014.75,996.0,1002.75,1002.75,771550
715,2003-07-15,1002.25,1011.0,995.0,1001.0,1001.0,708550
716,2003-07-16,1002.5,1007.25,987.5,995.0,995.0,682840
717,2003-07-17,993.75,994.0,976.75,980.75,980.75,741064
718,2003-07-18,982.0,993.25,977.5,990.5,990.5,538653
719,2003-07-21,991.25,992.25,973.5,978.0,978.0,657728
720,2003-07-22,977.5,989.5,974.25,986.75,986.75,820053
721,2003-07-23,987.75,991.0,977.75,987.5,987.5,601019
722,2003-07-24,987.25,998.25,978.75,980.25,980.25,737463
723,2003-07-25,979.0,997.75,975.0,996.75,996.75,700564
724,2003-07-28,998.0,1000.5,991.5,994.0,994.0,674472
725,2003-07-29,993.75,998.0,981.5,989.0,989.0,817545
726,2003-07-30,988.75,993.75,984.0,986.5,986.5,560639
727,2003-07-31,986.25,1004.0,985.5,989.25,989.25,850836
728,2003-08-01,988.75,992.75,977.0,979.5,979.5,620181
729,2003-08-04,979.25,985.0,964.75,980.25,980.25,704289
730,2003-08-05,980.25,982.25,958.25,959.5,959.5,716130
731,2003-08-06,959.0,975.25,958.5,965.0,965.0,722594
732,2003-08-07,965.0,975.25,962.0,974.5,974.5,652919
733,2003-08-08,974.0,980.0,972.25,978.0,978.0,471856
734,2003-08-11,978.0,984.75,972.75,981.25,981.25,487374
735,2003-08-12,981.25,990.5,978.75,990.0,990.0,474326
736,2003-08-13,989.5,993.5,979.75,984.75,984.75,498772
737,2003-08-14,984.25,991.75,979.25,987.75,987.75,546656
738,2003-08-15,979.75,992.5,973.25,990.5,990.5,311435
739,2003-08-18,990.0,1000.25,989.75,998.75,998.75,377711
740,2003-08-19,998.75,1003.25,994.25,1003.0,1003.0,471439
741,2003-08-20,1001.75,1003.25,995.75,999.0,999.0,404406
742,2003-08-21,999.0,1009.5,998.25,1002.0,1002.0,606183
743,2003-08-22,1002.25,1012.25,991.75,992.5,992.5,600576
744,2003-08-25,991.75,994.25,987.0,993.75,993.75,404564
745,2003-08-26,993.75,998.0,982.5,995.5,995.5,653620
746,2003-08-27,995.75,997.75,992.5,995.75,995.75,318614
747,2003-08-28,995.25,1004.0,990.25,1001.25,1001.25,434530
748,2003-08-29,1001.25,1009.25,999.0,1007.75,1007.75,0
749,2003-09-01,1008.25,1012.5,1006.25,1012.0,1012.0,370483
750,2003-09-02,1008.25,1022.75,1004.5,1022.0,1022.0,820276
751,2003-09-03,1022.0,1029.75,1020.25,1027.0,1027.0,761140
752,2003-09-04,1027.0,1029.5,1021.25,1028.25,1028.25,577262
753,2003-09-05,1029.0,1029.75,1017.75,1022.25,1022.25,661744
754,2003-09-08,1021.75,1032.75,1021.25,1030.5,1030.5,671760
755,2003-09-09,1031.0,1034.75,1020.5,1024.0,1024.0,621684
756,2003-09-10,1023.25,1024.25,1009.25,1013.5,1013.5,773685
757,2003-09-11,1013.75,1021.25,1010.75,1016.75,1016.75,162052
758,2003-09-12,1017.0,1020.0,1007.0,1018.0,1018.0,86942
759,2003-09-15,1019.0,1020.75,1013.5,1014.5,1014.5,55431
760,2003-09-16,1015.25,1030.0,1010.0,1029.5,1029.5,57658
761,2003-09-17,1029.25,1031.5,1024.25,1027.25,1027.25,34792
762,2003-09-18,1027.0,1040.5,1025.5,1039.25,1039.25,34455
763,2003-09-19,1039.25,1041.75,1036.5,1039.5999755859375,1039.5999755859375,583482
764,2003-09-22,1031.75,1031.75,1015.75,1021.25,1021.25,752271
765,2003-09-23,1021.25,1028.5,1019.25,1025.5,1025.5,623754
766,2003-09-24,1025.5,1028.25,1006.25,1007.25,1007.25,923217
767,2003-09-25,1007.25,1014.5,997.25,997.75,997.75,805260
768,2003-09-26,997.75,1002.0,994.0,994.5,994.5,745028
769,2003-09-29,995.25,1005.5,992.75,1004.25,1004.25,756865
770,2003-09-30,1003.75,1005.0,987.75,994.0,994.0,1004864
771,2003-10-01,995.5,1017.0,995.0,1016.5,1016.5,915508
772,2003-10-02,1016.25,1021.0,1011.5,1019.5,1019.5,727229
773,2003-10-03,1019.5,1038.0,1018.0,1028.5,1028.5,831490
774,2003-10-06,1027.0,1035.0,1026.25,1033.5,1033.5,332455
775,2003-10-07,1033.5,1038.25,1024.25,1037.25,1037.25,834746
776,2003-10-08,1037.75,1039.75,1029.0,1035.0,1035.0,658006
777,2003-10-09,1035.0,1047.25,1033.0,1038.5,1038.5,771553
778,2003-10-10,1037.75,1042.5,1034.0,1040.5,1040.5,503349
779,2003-10-13,1040.5,1048.0,1039.5,1044.5,1044.5,307181
780,2003-10-14,1044.5,1049.5,1039.0,1047.5,1047.5,567501
781,2003-10-15,1048.25,1055.75,1041.5,1044.5,1044.5,661440
782,2003-10-16,1043.0,1052.25,1041.25,1049.25,1049.25,733689
783,2003-10-17,1047.75,1052.0,1034.75,1037.75,1037.75,608788
784,2003-10-20,1037.5,1045.5,1034.25,1045.25,1045.25,549399
785,2003-10-21,1045.25,1049.5,1040.75,1043.5,1043.5,572797
786,2003-10-22,1043.75,1044.25,1026.5,1030.5,1030.5,682947
787,2003-10-23,1029.75,1034.5,1019.75,1028.5,1028.5,693849
788,2003-10-24,1028.25,1030.25,1016.25,1030.0,1030.0,644041
789,2003-10-27,1028.25,1036.75,1027.25,1030.75,1030.75,541229
790,2003-10-28,1030.0,1046.0,1029.75,1044.75,1044.75,648859
791,2003-10-29,1044.25,1048.75,1040.0,1046.25,1046.25,569839
792,2003-10-30,1046.0,1054.5,1042.25,1048.5,1048.5,744512
793,2003-10-31,1048.5,1052.25,1046.5,1049.5,1049.5,452365
794,2003-11-03,1047.25,1060.5,1046.5,1054.25,1054.25,609967
795,2003-11-04,1054.25,1057.0,1050.0,1052.25,1052.25,554811
796,2003-11-05,1052.25,1054.5,1043.25,1053.5,1053.5,556444
797,2003-11-06,1053.75,1058.75,1045.25,1058.5,1058.5,618281
798,2003-11-07,1058.25,1064.5,1050.0,1050.5,1050.5,614109
799,2003-11-10,1051.25,1053.75,1044.25,1046.25,1046.25,495923
800,2003-11-11,1046.25,1047.75,1041.5,1045.75,1045.75,403191
801,2003-11-12,1045.25,1059.0,1044.5,1057.0,1057.0,645534
802,2003-11-13,1056.75,1060.0,1052.0,1058.0,1058.0,575631
803,2003-11-14,1058.25,1064.25,1047.0,1049.0,1049.0,649695
804,2003-11-17,1048.0,1048.0,1034.25,1043.5,1043.5,686497
805,2003-11-18,1043.25,1048.5,1031.0,1032.75,1032.75,773553
806,2003-11-19,1033.0,1043.75,1031.0,1041.0,1041.0,644049
807,2003-11-20,1041.25,1046.25,1031.0,1032.0,1032.0,797586
808,2003-11-21,1031.75,1037.0,1030.25,1036.25,1036.25,534013
809,2003-11-24,1035.75,1051.5,1035.25,1049.5,1049.5,658516
810,2003-11-25,1049.5,1057.75,1047.5,1053.25,1053.25,562943
811,2003-11-26,1053.0,1058.5,1047.25,1056.75,1056.75,562943
812,2003-11-27,1057.25,1059.75,1055.5,1059.0,1059.0,480652
813,2003-11-28,1057.25,1060.25,1053.75,1057.75,1057.75,135440
814,2003-12-01,1059.0,1070.5,1055.75,1069.0,1069.0,663167
815,2003-12-02,1069.0,1071.0,1064.25,1067.0,1067.0,564852
816,2003-12-03,1066.5,1074.25,1064.25,1065.0,1065.0,677047
817,2003-12-04,1064.75,1070.5,1062.75,1069.5,1069.5,574760
818,2003-12-05,1067.0,1068.75,1059.5,1062.25,1062.25,638116
819,2003-12-08,1061.0,1069.5,1057.75,1069.0,1069.0,498544
820,2003-12-09,1069.25,1072.75,1058.75,1060.5,1060.5,680486
821,2003-12-10,1060.75,1063.0,1053.0,1060.75,1060.75,636587
822,2003-12-11,1060.5,1074.0,1059.25,1072.25,1072.25,148185
823,2003-12-12,1074.25,1075.0,1067.0,1074.25,1074.25,57159
824,2003-12-15,1087.25,1090.25,1067.75,1068.75,1068.75,76639
825,2003-12-16,1069.0,1076.0,1067.25,1075.0,1075.0,25299
826,2003-12-17,1074.25,1078.0,1070.75,1077.5,1077.5,25303
827,2003-12-18,1078.0,1090.75,1076.5,1090.75,1090.75,29303
828,2003-12-19,1090.0,1092.25,1088.75,1091.6099853515625,1091.6099853515625,539361
829,2003-12-22,1082.5,1093.0,1080.5,1092.75,1092.75,292581
830,2003-12-23,1092.5,1095.75,1090.25,1093.5,1093.5,267667
831,2003-12-24,1093.5,1095.25,1089.5,1093.0,1093.0,94667
832,2003-12-26,1093.5,1097.0,1092.5,1093.5,1093.5,68120
833,2003-12-29,1093.5,1109.25,1093.0,1107.75,1107.75,301478
834,2003-12-30,1107.75,1109.0,1105.0,1107.75,1107.75,218431
835,2003-12-31,1107.75,1111.5,1104.75,1110.5,1110.5,322533
836,2004-01-02,1111.0,1118.0,1103.5,1109.0,1109.0,452889
837,2004-01-05,1108.75,1121.5,1108.75,1120.0,1120.0,609539
838,2004-01-06,1119.75,1123.5,1115.5,1122.0,1122.0,520267
839,2004-01-07,1121.75,1126.75,1114.75,1125.5,1125.5,623738
840,2004-01-08,1125.5,1130.5,1123.75,1129.5,1129.5,655254
841,2004-01-09,1129.5,1131.0,1119.0,1120.0,1120.0,870229
842,2004-01-12,1119.5,1128.5,1118.25,1128.25,1128.25,636419
843,2004-01-13,1128.25,1129.25,1113.75,1121.25,1121.25,739977
844,2004-01-14,1121.25,1132.5,1119.25,1131.25,1131.25,530133
845,2004-01-15,1129.75,1136.5,1123.0,1133.25,1133.25,876169
846,2004-01-16,1133.0,1139.0,1132.0,1138.0,1138.0,876169
847,2004-01-19,1137.75,1140.75,1135.5,1136.25,1136.25,574795
848,2004-01-20,1137.75,1142.25,1134.0,1137.5,1137.5,563145
849,2004-01-21,1137.25,1148.75,1132.75,1146.0,1146.0,683620
850,2004-01-22,1146.0,1149.25,1141.5,1144.0,1144.0,556580
851,2004-01-23,1141.75,1149.25,1135.25,1140.25,1140.25,641861
852,2004-01-26,1140.0,1155.0,1138.0,1154.25,1154.25,588066
853,2004-01-27,1154.25,1154.75,1142.0,1142.5,1142.5,655547
854,2004-01-28,1142.25,1148.0,1124.75,1129.25,1129.25,821903
855,2004-01-29,1128.5,1133.75,1120.75,1130.25,1130.25,886218
856,2004-01-30,1131.0,1132.25,1126.0,1130.0,1130.0,585391
857,2004-02-02,1130.25,1142.25,1126.5,1134.5,1134.5,675576
858,2004-02-03,1134.5,1136.5,1129.5,1133.0,1133.0,594482
859,2004-02-04,1133.0,1133.5,1122.0,1124.0,1124.0,771930
860,2004-02-05,1123.75,1130.25,1122.5,1126.5,1126.5,579920
861,2004-02-06,1126.75,1142.0,1125.0,1139.0,1139.0,646603
862,2004-02-09,1139.25,1143.75,1137.75,1140.0,1140.0,472032
863,2004-02-10,1140.25,1146.75,1137.5,1143.25,1143.25,506464
864,2004-02-11,1143.25,1158.75,1141.25,1155.25,1155.25,735265
865,2004-02-12,1155.25,1157.5,1150.5,1151.0,1151.0,447641
866,2004-02-13,1151.5,1156.75,1142.0,1145.75,1145.75,447641
867,2004-02-16,1145.5,1148.25,1145.25,1148.0,1148.0,534255
868,2004-02-17,1145.5,1158.75,1145.25,1156.5,1156.5,472647
869,2004-02-18,1156.5,1158.75,1148.25,1151.25,1151.25,534794
870,2004-02-19,1151.25,1158.5,1145.25,1147.25,1147.25,645777
871,2004-02-20,1146.75,1151.0,1137.75,1143.75,1143.75,686761
872,2004-02-23,1144.0,1147.5,1136.0,1140.25,1140.25,611027
873,2004-02-24,1144.0,1144.25,1133.25,1138.5,1138.5,742235
874,2004-02-25,1139.0,1145.0,1137.0,1143.0,1143.0,556898
875,2004-02-26,1143.25,1147.25,1137.75,1143.25,1143.25,528708
876,2004-02-27,1143.75,1152.0,1140.5,1144.5,1144.5,593104
877,2004-03-01,1144.25,1157.5,1144.25,1155.5,1155.5,533975
878,2004-03-02,1155.5,1156.75,1146.5,1149.0,1149.0,588494
879,2004-03-03,1149.25,1152.75,1143.25,1150.75,1150.75,640846
880,2004-03-04,1150.5,1155.25,1149.25,1154.25,1154.25,410537
881,2004-03-05,1153.25,1163.75,1146.5,1157.75,1157.75,1078580
882,2004-03-08,1158.0,1160.0,1143.25,1144.0,1144.0,644665
883,2004-03-09,1144.0,1147.0,1136.25,1139.5,1139.5,777885
884,2004-03-10,1139.5,1141.75,1119.5,1120.25,1120.25,930475
885,2004-03-11,1120.25,1126.5,1104.5,1105.5,1105.5,306870
886,2004-03-12,1105.75,1120.75,1102.25,1119.25,1119.25,119451
887,2004-03-15,1117.5,1122.0,1102.5,1106.25,1106.25,67433
888,2004-03-16,1106.5,1114.25,1102.5,1111.5,1111.5,58429
889,2004-03-17,1111.75,1126.0,1110.75,1123.75,1123.75,57211
890,2004-03-18,1123.75,1126.75,1112.75,1124.25,1124.25,54851
891,2004-03-19,1124.75,1128.0,1122.0,1120.1800537109375,1120.1800537109375,649991
892,2004-03-22,1107.5,1107.5,1087.5,1093.25,1093.25,972312
893,2004-03-23,1093.25,1100.25,1089.75,1091.25,1091.25,753983
894,2004-03-24,1091.5,1097.5,1084.75,1091.5,1091.5,827573
895,2004-03-25,1091.75,1109.25,1090.0,1106.0,1106.0,664861
896,2004-03-26,1106.25,1114.0,1104.25,1106.0,1106.0,664861
897,2004-03-29,1106.0,1123.5,1106.0,1121.75,1121.75,669922
898,2004-03-30,1121.75,1126.75,1117.5,1126.0,1126.0,562087
899,2004-03-31,1126.0,1129.75,1119.75,1125.0,1125.0,693645
900,2004-04-01,1126.75,1134.75,1123.5,1133.5,1133.5,640574
901,2004-04-02,1133.25,1145.0,1132.0,1142.0,1142.0,773288
902,2004-04-05,1141.5,1149.5,1138.0,1148.25,1148.25,479671
903,2004-04-06,1148.25,1148.5,1141.5,1144.75,1144.75,469548
904,2004-04-07,1144.5,1146.5,1137.0,1142.25,1142.25,632450
905,2004-04-08,1142.25,1154.5,1133.0,1139.5,1139.5,640090
906,2004-04-12,1139.0,1146.5,1136.0,1144.0,1144.0,384108
907,2004-04-13,1144.25,1150.0,1126.25,1128.25,1128.25,828295
908,2004-04-14,1128.0,1132.0,1120.75,1129.75,1129.75,972966
909,2004-04-15,1129.25,1133.5,1119.0,1125.0,1125.0,880208
910,2004-04-16,1124.5,1136.0,1122.0,1134.0,1134.0,681187
911,2004-04-19,1132.5,1135.25,1128.25,1133.75,1133.75,507413
912,2004-04-20,1133.5,1138.5,1113.25,1114.5,1114.5,774369
913,2004-04-21,1115.5,1124.75,1114.25,1122.5,1122.5,861177
914,2004-04-22,1124.0,1142.0,1118.25,1136.75,1136.75,848340
915,2004-04-23,1140.0,1142.25,1133.25,1139.5,1139.5,515762
916,2004-04-26,1138.25,1144.25,1131.0,1138.0,1138.0,554092
917,2004-04-27,1137.75,1146.25,1134.75,1138.0,1138.0,743858
918,2004-04-28,1138.0,1138.25,1120.0,1123.5,1123.5,837185
919,2004-04-29,1123.0,1128.0,1106.5,1114.0,1114.0,1145900
920,2004-04-30,1113.25,1119.0,1103.75,1106.0,1106.0,817525
921,2004-05-03,1105.25,1118.0,1104.25,1116.0,1116.0,609878
922,2004-05-04,1116.0,1127.5,1111.5,1115.5,1115.5,781489
923,2004-05-05,1115.5,1124.5,1112.5,1122.0,1122.0,665017
924,2004-05-06,1122.0,1122.25,1104.75,1113.0,1113.0,782294
925,2004-05-07,1113.0,1117.0,1094.5,1095.5,1095.5,986625
926,2004-05-10,1095.0,1097.0,1078.0,1083.5,1083.5,1231780
927,2004-05-11,1083.5,1095.25,1081.25,1092.25,1092.25,755064
928,2004-05-12,1092.5,1099.75,1075.25,1098.75,1098.75,1189880
929,2004-05-13,1098.5,1102.5,1090.75,1093.75,1093.75,868300
930,2004-05-14,1093.5,1102.0,1085.75,1094.75,1094.75,857016
931,2004-05-17,1094.0,1094.75,1078.25,1085.5,1085.5,819851
932,2004-05-18,1085.25,1094.5,1084.5,1090.25,1090.25,644992
933,2004-05-19,1090.75,1105.75,1085.75,1086.75,1086.75,1029552
934,2004-05-20,1087.0,1092.75,1084.0,1090.5,1090.5,659182
935,2004-05-21,1090.0,1099.75,1088.75,1092.5,1092.5,674780
936,2004-05-24,1092.75,1101.75,1091.0,1096.5,1096.5,725025
937,2004-05-25,1096.5,1113.75,1090.0,1112.5,1112.5,914619
938,2004-05-26,1112.0,1117.0,1108.75,1116.0,1116.0,605407
939,2004-05-27,1116.0,1124.5,1114.5,1122.75,1122.75,706751
940,2004-05-28,1122.25,1123.75,1117.5,1120.25,1120.25,706751
941,2004-05-31,1121.5,1123.0,1118.75,1121.5,1121.5,359808
942,2004-06-01,1121.25,1122.75,1112.5,1121.25,1121.25,621570
943,2004-06-02,1121.5,1128.5,1118.25,1125.5,1125.5,570289
944,2004-06-03,1125.25,1126.0,1114.5,1115.0,1115.0,613526
945,2004-06-04,1116.0,1129.5,1115.5,1123.25,1123.25,623184
946,2004-06-07,1122.5,1142.0,1122.5,1140.25,1140.25,578498
947,2004-06-08,1140.25,1142.75,1135.5,1142.0,1142.0,518265
948,2004-06-09,1141.75,1143.0,1130.5,1131.5,1131.5,615183
949,2004-06-10,1131.75,1137.0,1128.5,1136.5,1136.5,615183
950,2004-06-11,1136.25,1137.0,1132.75,1136.5,1136.5,615183
951,2004-06-14,1134.75,1135.0,1122.0,1125.5,1125.5,109840
952,2004-06-15,1125.75,1138.0,1125.5,1134.0,1134.0,117868
953,2004-06-16,1133.5,1137.0,1130.25,1133.0,1133.0,61834
954,2004-06-17,1133.0,1134.25,1126.5,1131.75,1131.75,54769
955,2004-06-18,1131.5,1132.0,1127.0,1129.5999755859375,1129.5999755859375,522615
956,2004-06-21,1134.75,1139.25,1128.25,1129.25,1129.25,407234
957,2004-06-22,1129.25,1135.75,1123.75,1135.0,1135.0,585314
958,2004-06-23,1134.75,1145.25,1131.0,1144.0,1144.0,553760
959,2004-06-24,1144.0,1146.25,1139.5,1141.25,1141.25,477243
960,2004-06-25,1141.5,1146.0,1133.5,1135.25,1135.25,476509
961,2004-06-28,1136.75,1145.75,1131.0,1131.75,1131.75,569180
962,2004-06-29,1132.0,1138.5,1127.75,1135.75,1135.75,515740
963,2004-06-30,1135.75,1144.5,1133.0,1140.5,1140.5,708253
964,2004-07-01,1140.75,1143.75,1122.25,1126.25,1126.25,886319
965,2004-07-02,1126.5,1129.5,1122.5,1125.75,1125.75,886319
966,2004-07-05,1125.75,1126.25,1122.75,1124.25,1124.25,457987
967,2004-07-06,1125.75,1129.0,1112.5,1115.0,1115.0,750511
968,2004-07-07,1115.0,1122.0,1113.5,1118.0,1118.0,518030
969,2004-07-08,1117.5,1119.25,1108.0,1110.75,1110.75,733944
970,2004-07-09,1110.75,1115.5,1110.0,1112.75,1112.75,489827
971,2004-07-12,1113.75,1116.25,1106.0,1113.5,1113.5,660826
972,2004-07-13,1113.5,1116.0,1111.0,1114.25,1114.25,484624
973,2004-07-14,1111.75,1119.75,1106.75,1111.25,1111.25,800975
974,2004-07-15,1111.5,1115.0,1103.0,1103.5,1103.5,681355
975,2004-07-16,1105.0,1112.5,1100.0,1102.75,1102.75,655474
976,2004-07-19,1103.0,1106.0,1095.5,1098.75,1098.75,687796
977,2004-07-20,1098.75,1114.75,1095.75,1112.0,1112.0,661956
978,2004-07-21,1112.0,1116.0,1089.5,1090.5,1090.5,891225
979,2004-07-22,1090.25,1099.25,1083.0,1093.75,1093.75,854998
980,2004-07-23,1092.0,1094.0,1082.25,1085.5,1085.5,638928
981,2004-07-26,1085.75,1089.5,1077.0,1083.0,1083.0,728731
982,2004-07-27,1083.0,1096.0,1082.75,1092.5,1092.5,744885
983,2004-07-28,1092.5,1098.5,1080.75,1095.5,1095.5,802235
984,2004-07-29,1095.75,1103.75,1092.5,1100.25,1100.25,671856
985,2004-07-30,1100.25,1104.0,1096.0,1101.0,1101.0,493272
986,2004-08-02,1098.0,1108.25,1095.5,1105.5,1105.5,584118
987,2004-08-03,1105.75,1106.5,1096.5,1097.25,1097.25,575958
988,2004-08-04,1097.5,1102.25,1089.0,1097.0,1097.0,644751
989,2004-08-05,1097.0,1098.75,1077.25,1078.5,1078.5,657904
990,2004-08-06,1078.75,1083.0,1060.75,1063.5,1063.5,896597
991,2004-08-09,1064.25,1069.25,1062.5,1064.25,1064.25,480071
992,2004-08-10,1064.5,1078.75,1064.0,1076.25,1076.25,603931
993,2004-08-11,1076.25,1077.25,1065.25,1075.75,1075.75,682787
994,2004-08-12,1075.75,1078.0,1060.0,1063.75,1063.75,718858
995,2004-08-13,1064.5,1067.75,1060.0,1066.25,1066.25,592108
996,2004-08-16,1065.5,1080.75,1061.0,1077.5,1077.5,627915
997,2004-08-17,1077.25,1087.0,1075.5,1083.0,1083.0,593673
998,2004-08-18,1083.0,1096.0,1078.0,1094.5,1094.5,717331
999,2004-08-19,1094.25,1095.5,1085.75,1091.25,1091.25,607182
1000,2004-08-20,1091.25,1100.5,1087.25,1098.75,1098.75,566065
1001,2004-08-23,1097.5,1101.75,1094.25,1096.25,1096.25,547848
1002,2004-08-24,1096.25,1101.25,1092.25,1097.5,1097.5,556798
1003,2004-08-25,1097.25,1106.5,1092.75,1103.75,1103.75,576935
1004,2004-08-26,1103.75,1106.75,1102.0,1104.5,1104.5,331025
1005,2004-08-27,1104.0,1109.75,1103.25,1108.25,1108.25,335912
1006,2004-08-30,1107.5,1108.0,1098.0,1099.0,1099.0,359193
1007,2004-08-31,1099.25,1105.25,1094.25,1104.0,1104.0,623724
1008,2004-09-01,1105.0,1109.75,1098.0,1106.75,1106.75,613831
1009,2004-09-02,1106.5,1120.25,1104.5,1119.5,1119.5,512030
1010,2004-09-03,1116.25,1121.25,1112.75,1114.5,1114.5,512030
1011,2004-09-06,1114.75,1118.5,1114.75,1118.25,1118.25,459941
1012,2004-09-07,1114.75,1124.5,1114.75,1122.25,1122.25,657022
1013,2004-09-08,1122.0,1123.5,1116.0,1118.75,1118.75,655151
1014,2004-09-09,1118.25,1121.75,1113.5,1117.5,1117.5,230814
1015,2004-09-10,1118.0,1125.5,1113.75,1123.25,1123.25,124196
1016,2004-09-13,1123.5,1130.25,1122.75,1127.75,1127.75,97543
1017,2004-09-14,1127.5,1129.75,1124.75,1129.5,1129.5,82975
1018,2004-09-15,1129.25,1129.75,1119.5,1120.25,1120.25,51839
1019,2004-09-16,1120.75,1126.25,1120.5,1124.0,1124.0,37632
1020,2004-09-17,1124.0,1128.0,1123.0,1127.02001953125,1127.02001953125,518182
1021,2004-09-20,1128.75,1129.0,1120.5,1122.25,1122.25,563160
1022,2004-09-21,1122.5,1132.5,1121.25,1127.25,1127.25,543857
1023,2004-09-22,1127.0,1127.5,1112.0,1113.0,1113.0,757021
1024,2004-09-23,1112.75,1115.0,1107.0,1107.25,1107.25,616454
1025,2004-09-24,1107.25,1114.5,1107.0,1111.5,1111.5,421659
1026,2004-09-27,1111.25,1114.0,1103.25,1105.25,1105.25,547651
1027,2004-09-28,1105.25,1112.5,1101.25,1109.75,1109.75,661460
1028,2004-09-29,1109.75,1115.5,1107.25,1115.25,1115.25,575671
1029,2004-09-30,1115.25,1117.0,1109.5,1115.0,1115.0,593430
1030,2004-10-01,1115.0,1133.5,1111.75,1133.25,1133.25,679874
1031,2004-10-04,1131.5,1141.25,1131.0,1135.5,1135.5,570055
1032,2004-10-05,1135.25,1140.0,1132.25,1136.5,1136.5,531192
1033,2004-10-06,1135.75,1143.75,1133.5,1142.75,1142.75,590808
1034,2004-10-07,1143.0,1143.0,1130.5,1131.5,1131.5,551060
1035,2004-10-08,1131.5,1136.0,1120.25,1122.0,1122.0,718784
1036,2004-10-11,1122.0,1127.0,1122.0,1126.0,1126.0,285971
1037,2004-10-12,1125.75,1126.75,1116.0,1122.5,1122.5,712789
1038,2004-10-13,1123.5,1127.5,1109.5,1112.25,1112.25,785662
1039,2004-10-14,1112.0,1115.5,1102.0,1103.0,1103.0,830879
1040,2004-10-15,1103.0,1113.75,1102.0,1108.25,1108.25,774418
1041,2004-10-18,1108.75,1115.25,1102.5,1113.0,1113.0,660608
1042,2004-10-19,1113.5,1118.5,1102.0,1103.5,1103.5,854833
1043,2004-10-20,1103.5,1104.25,1093.75,1101.75,1101.75,863732
1044,2004-10-21,1101.75,1109.25,1098.0,1107.75,1107.75,813591
1045,2004-10-22,1106.25,1109.75,1094.75,1096.0,1096.0,664670
1046,2004-10-25,1095.5,1097.0,1088.0,1095.25,1095.25,735235
1047,2004-10-26,1095.5,1112.0,1094.5,1111.5,1111.5,806763
1048,2004-10-27,1111.0,1126.75,1106.75,1124.75,1124.75,963330
1049,2004-10-28,1124.0,1131.25,1120.25,1127.5,1127.5,664428
1050,2004-10-29,1127.75,1132.0,1124.5,1130.25,1130.25,556564
1051,2004-11-01,1127.5,1134.0,1126.25,1130.75,1130.75,494666
1052,2004-11-02,1130.75,1141.0,1127.75,1130.5,1130.5,831105
1053,2004-11-03,1130.5,1149.0,1127.25,1145.0,1145.0,981514
1054,2004-11-04,1144.25,1162.0,1142.0,1160.5,1160.5,897586
1055,2004-11-05,1160.5,1171.75,1158.25,1167.75,1167.75,833448
1056,2004-11-08,1167.0,1167.5,1162.25,1166.5,1166.5,439648
1057,2004-11-09,1166.5,1170.0,1162.75,1164.25,1164.25,589789
1058,2004-11-10,1164.5,1170.5,1162.75,1164.75,1164.75,694097
1059,2004-11-11,1165.0,1176.0,1163.0,1173.75,1173.75,548869
1060,2004-11-12,1173.25,1184.75,1171.75,1182.75,1182.75,676262
1061,2004-11-15,1183.0,1186.0,1180.5,1186.0,1186.0,625695
1062,2004-11-16,1185.25,1185.75,1175.75,1177.5,1177.5,658437
1063,2004-11-17,1177.5,1189.75,1177.25,1184.25,1184.25,831375
1064,2004-11-18,1184.0,1186.25,1180.5,1185.0,1185.0,527776
1065,2004-11-19,1185.0,1185.75,1169.25,1172.25,1172.25,723841
1066,2004-11-22,1172.0,1179.0,1166.5,1178.0,1178.0,531349
1067,2004-11-23,1178.0,1180.5,1171.5,1179.25,1179.25,635022
1068,2004-11-24,1178.75,1183.25,1178.0,1182.0,1182.0,635022
1069,2004-11-25,1182.0,1186.5,1180.75,1186.25,1186.25,428298
1070,2004-11-29,1180.5,1191.25,1172.25,1176.0,1176.0,812904
1071,2004-11-30,1176.5,1179.5,1173.0,1174.0,1174.0,687321
1072,2004-12-01,1177.25,1192.25,1175.0,1189.75,1189.75,707865
1073,2004-12-02,1189.5,1195.75,1187.0,1190.5,1190.5,716558
1074,2004-12-03,1193.75,1198.5,1185.75,1189.25,1189.25,827492
1075,2004-12-06,1189.25,1193.25,1185.25,1189.25,1189.25,456185
1076,2004-12-07,1189.25,1193.5,1177.0,1177.75,1177.75,802914
1077,2004-12-08,1177.25,1184.75,1176.0,1184.0,1184.0,691265
1078,2004-12-09,1183.5,1191.5,1173.5,1188.5,1188.5,321642
1079,2004-12-10,1188.5,1192.0,1184.75,1189.75,1189.75,233892
1080,2004-12-13,1189.5,1200.5,1189.5,1200.25,1200.25,91346
1081,2004-12-14,1199.75,1205.75,1197.0,1204.0,1204.0,122640
1082,2004-12-15,1204.25,1207.0,1199.0,1204.75,1204.75,53339
1083,2004-12-16,1204.75,1208.25,1198.0,1204.25,1204.25,56442
1084,2004-12-17,1203.5,1206.75,1193.5,1190.449951171875,1190.449951171875,821953
1085,2004-12-20,1197.5,1206.75,1195.25,1198.75,1198.75,494262
1086,2004-12-21,1198.5,1208.5,1197.25,1208.0,1208.0,451956
1087,2004-12-22,1207.25,1214.25,1206.75,1211.0,1211.0,401650
1088,2004-12-23,1210.75,1216.5,1209.0,1211.75,1211.75,268933
1089,2004-12-27,1212.25,1217.0,1207.25,1208.5,1208.5,297065
1090,2004-12-28,1208.5,1216.75,1207.75,1215.5,1215.5,251113
1091,2004-12-29,1215.5,1217.25,1212.75,1217.0,1217.0,210237
1092,2004-12-30,1216.75,1219.0,1213.5,1214.75,1214.75,210317
1093,2004-12-31,1214.75,1219.75,1210.75,1213.75,1213.75,246153
1094,2005-01-03,1213.5,1221.25,1201.75,1206.25,1206.25,672360
1095,2005-01-04,1206.25,1209.5,1186.75,1191.0,1191.0,869562
1096,2005-01-05,1190.75,1195.0,1182.75,1183.25,1183.25,855689
1097,2005-01-06,1183.25,1193.75,1182.75,1188.25,1188.25,678414
1098,2005-01-07,1188.5,1194.5,1183.5,1186.25,1186.25,766197
1099,2005-01-10,1187.0,1196.75,1185.25,1191.75,1191.75,727775
1100,2005-01-11,1191.25,1192.75,1181.75,1184.0,1184.0,759233
1101,2005-01-12,1186.0,1189.75,1176.75,1187.5,1187.5,948455
1102,2005-01-13,1187.75,1190.25,1176.25,1178.0,1178.0,727580
1103,2005-01-14,1178.25,1186.75,1176.75,1183.75,1183.75,518753
1104,2005-01-18,1185.0,1197.75,1180.5,1195.75,1195.75,777663
1105,2005-01-19,1196.0,1197.25,1183.25,1183.5,1183.5,730230
1106,2005-01-20,1181.5,1183.0,1174.0,1176.5,1176.5,929786
1107,2005-01-21,1177.25,1180.75,1167.25,1168.5,1168.5,900208
1108,2005-01-24,1170.0,1174.25,1164.25,1166.25,1166.25,854722
1109,2005-01-25,1166.25,1175.5,1166.0,1169.75,1169.75,739854
1110,2005-01-26,1169.75,1176.75,1169.5,1173.25,1173.25,751462
1111,2005-01-27,1173.0,1178.0,1170.25,1174.75,1174.75,732660
1112,2005-01-28,1175.25,1177.5,1166.25,1174.75,1174.75,829911
1113,2005-01-31,1176.75,1183.0,1176.75,1181.75,1181.75,669875
1114,2005-02-01,1181.25,1191.0,1179.5,1189.25,1189.25,651757
1115,2005-02-02,1189.75,1196.0,1189.0,1193.25,1193.25,587228
1116,2005-02-03,1192.25,1193.5,1185.75,1189.5,1189.5,569604
1117,2005-02-04,1189.75,1204.5,1188.25,1202.0,1202.0,654585
1118,2005-02-07,1202.75,1205.0,1199.5,1200.75,1200.75,441330
1119,2005-02-08,1201.0,1206.25,1200.0,1202.25,1202.25,458474
1120,2005-02-09,1201.75,1204.5,1191.75,1193.0,1193.0,674518
1121,2005-02-10,1192.5,1199.5,1191.75,1196.5,1196.5,624507
1122,2005-02-11,1196.75,1210.0,1193.75,1207.0,1207.0,807304
1123,2005-02-14,1207.75,1208.5,1204.0,1206.25,1206.25,417612
1124,2005-02-15,1206.25,1213.5,1205.5,1210.75,1210.75,677146
1125,2005-02-16,1210.5,1213.5,1203.5,1210.5,1210.5,659402
1126,2005-02-17,1210.75,1212.0,1200.75,1201.0,1201.0,807624
1127,2005-02-18,1201.25,1203.75,1197.5,1202.25,1202.25,600297
1128,2005-02-22,1203.0,1203.25,1184.0,1184.75,1184.75,949859
1129,2005-02-23,1185.0,1194.0,1183.5,1192.75,1192.75,761306
1130,2005-02-24,1192.75,1201.5,1188.0,1200.75,1200.75,749925
1131,2005-02-25,1200.75,1213.25,1199.75,1212.0,1212.0,657702
1132,2005-02-28,1212.0,1214.75,1198.25,1204.0,1204.0,746263
1133,2005-03-01,1204.5,1213.25,1203.0,1210.0,1210.0,646303
1134,2005-03-02,1210.25,1217.0,1204.0,1209.5,1209.5,864801
1135,2005-03-03,1209.75,1216.75,1204.5,1210.0,1210.0,802229
1136,2005-03-04,1210.0,1225.75,1209.25,1224.25,1224.25,709416
1137,2005-03-07,1225.75,1229.75,1223.25,1225.25,1225.25,590194
1138,2005-03-08,1225.75,1226.5,1218.5,1220.5,1220.5,678481
1139,2005-03-09,1220.75,1224.0,1206.5,1207.0,1207.0,1057580
1140,2005-03-10,1206.75,1211.75,1201.0,1209.5,1209.5,352653
1141,2005-03-11,1210.75,1214.0,1198.0,1201.0,1201.0,243597
1142,2005-03-14,1201.5,1208.25,1199.25,1207.75,1207.75,131335
1143,2005-03-15,1207.75,1211.75,1197.25,1198.5,1198.5,118439
1144,2005-03-16,1198.75,1202.0,1185.5,1187.75,1187.75,85253
1145,2005-03-17,1188.5,1193.5,1186.25,1190.0,1190.0,53627
1146,2005-03-18,1190.0,1192.5,1189.25,1190.699951171875,1190.699951171875,787043
1147,2005-03-21,1191.5,1193.5,1182.5,1186.25,1186.25,664651
1148,2005-03-22,1186.25,1193.75,1172.0,1174.25,1174.25,859051
1149,2005-03-23,1173.0,1180.25,1168.75,1174.5,1174.5,865506
1150,2005-03-24,1174.75,1184.25,1174.5,1175.5,1175.5,658008
1151,2005-03-28,1176.0,1183.5,1176.0,1177.5,1177.5,519128
1152,2005-03-29,1177.75,1183.25,1166.75,1170.0,1170.0,975050
1153,2005-03-30,1170.0,1185.75,1169.0,1185.5,1185.5,811569
1154,2005-03-31,1185.5,1188.25,1182.0,1184.0,1184.0,717296
1155,2005-04-01,1183.25,1193.5,1172.5,1177.75,1177.75,1094070
1156,2005-04-04,1177.25,1182.0,1170.75,1179.75,1179.75,810132
1157,2005-04-05,1180.0,1187.0,1178.5,1185.25,1185.25,665877
1158,2005-04-06,1184.75,1193.0,1184.0,1189.25,1189.25,779290
1159,2005-04-07,1189.25,1195.75,1186.25,1195.25,1195.25,811332
1160,2005-04-08,1195.25,1195.5,1182.75,1183.5,1183.5,732352
1161,2005-04-11,1182.75,1187.25,1181.25,1183.75,1183.75,623058
1162,2005-04-12,1183.75,1193.25,1173.0,1190.0,1190.0,1241970
1163,2005-04-13,1189.75,1190.5,1173.5,1176.0,1176.0,1005028
1164,2005-04-14,1175.75,1178.5,1160.0,1160.5,1160.5,1265440
1165,2005-04-15,1160.25,1164.0,1143.0,1143.5,1143.5,1425780
1166,2005-04-18,1144.0,1151.5,1135.75,1146.75,1146.75,1106720
1167,2005-04-19,1147.0,1157.0,1146.5,1155.75,1155.75,909978
1168,2005-04-20,1157.75,1159.75,1136.75,1139.75,1139.75,1331510
1169,2005-04-21,1139.25,1163.75,1137.75,1161.5,1161.5,1041607
1170,2005-04-22,1161.0,1161.25,1143.75,1157.25,1157.25,960073
1171,2005-04-25,1157.0,1166.25,1155.5,1164.0,1164.0,722198
1172,2005-04-26,1164.25,1166.0,1152.5,1153.75,1153.75,648713
1173,2005-04-27,1153.0,1161.5,1145.25,1157.25,1157.25,930845
1174,2005-04-28,1157.5,1158.5,1142.5,1143.0,1143.0,910474
1175,2005-04-29,1144.0,1159.5,1140.25,1158.5,1158.5,1150690
1176,2005-05-02,1157.75,1164.5,1155.5,1163.5,1163.5,655692
1177,2005-05-03,1164.0,1168.75,1157.25,1166.0,1166.0,945783
1178,2005-05-04,1165.75,1177.75,1162.75,1175.25,1175.25,916232
1179,2005-05-05,1175.5,1180.0,1167.5,1175.0,1175.0,995990
1180,2005-05-06,1174.5,1182.25,1171.0,1171.25,1171.25,786504
1181,2005-05-09,1172.5,1180.75,1170.0,1178.25,1178.25,643470
1182,2005-05-10,1178.25,1178.5,1163.5,1166.25,1166.25,969039
1183,2005-05-11,1166.0,1173.5,1158.0,1172.5,1172.5,1092270
1184,2005-05-12,1172.0,1175.25,1158.5,1159.25,1159.25,1080800
1185,2005-05-13,1160.25,1165.5,1146.75,1156.75,1156.75,1171490
1186,2005-05-16,1156.75,1167.75,1154.75,1167.0,1167.0,765420
1187,2005-05-17,1167.0,1176.25,1160.75,1175.25,1175.25,885389
1188,2005-05-18,1175.0,1189.5,1172.25,1186.75,1186.75,924983
1189,2005-05-19,1186.75,1192.75,1185.25,1191.25,1191.25,776523
1190,2005-05-20,1191.5,1193.0,1186.0,1190.25,1190.25,549423
1191,2005-05-23,1190.75,1199.0,1189.25,1196.25,1196.25,637243
1192,2005-05-24,1196.25,1196.75,1190.5,1193.75,1193.75,628157
1193,2005-05-25,1192.25,1193.75,1186.25,1192.5,1192.5,590207
1194,2005-05-26,1192.25,1200.25,1191.75,1198.0,1198.0,549682
1195,2005-05-27,1198.0,1200.5,1196.0,1200.25,1200.25,278454
1196,2005-05-31,1200.0,1202.0,1191.5,1192.25,1192.25,691298
1197,2005-06-01,1192.5,1207.0,1191.75,1201.25,1201.25,1059920
1198,2005-06-02,1201.5,1205.75,1198.5,1205.25,1205.25,549044
1199,2005-06-03,1205.0,1207.0,1194.75,1198.5,1198.5,858227
1200,2005-06-06,1198.25,1199.5,1193.0,1198.0,1198.0,521956
1201,2005-06-07,1198.0,1209.75,1197.5,1199.0,1199.0,1021351
1202,2005-06-08,1199.25,1203.5,1193.5,1196.0,1196.0,759672
1203,2005-06-09,1195.75,1202.75,1191.25,1201.0,1201.0,345656
1204,2005-06-10,1201.0,1203.75,1192.5,1199.0,1199.0,210230
1205,2005-06-13,1199.0,1207.25,1194.75,1202.5,1202.5,167710
1206,2005-06-14,1202.25,1208.25,1200.0,1205.0,1205.0,100314
1207,2005-06-15,1205.0,1209.0,1198.5,1206.5,1206.5,101035
1208,2005-06-16,1206.5,1212.25,1205.25,1210.5,1210.5,98068
1209,2005-06-17,1210.5,1217.5,1210.0,1222.6800537109375,1222.6800537109375,802869
1210,2005-06-20,1220.5,1224.5,1215.25,1220.0,1220.0,490354
1211,2005-06-21,1220.0,1222.5,1216.25,1221.0,1221.0,586447
1212,2005-06-22,1221.0,1225.0,1216.0,1221.0,1221.0,571229
1213,2005-06-23,1221.25,1222.5,1203.75,1204.0,1204.0,888432
1214,2005-06-24,1204.0,1206.25,1193.25,1195.75,1195.75,806436
1215,2005-06-27,1195.5,1199.25,1192.5,1196.25,1196.25,660708
1216,2005-06-28,1196.0,1207.25,1195.75,1206.75,1206.75,672914
1217,2005-06-29,1206.75,1208.75,1202.0,1203.0,1203.0,525912
1218,2005-06-30,1203.0,1207.75,1194.0,1195.5,1195.5,805568
1219,2005-07-01,1195.75,1202.25,1195.25,1200.0,1200.0,616158
1220,2005-07-05,1200.0,1210.75,1195.5,1209.0,1209.0,713519
1221,2005-07-06,1208.75,1210.75,1198.0,1198.5,1198.5,802296
1222,2005-07-07,1198.25,1203.25,1170.75,1202.75,1202.75,1327160
1223,2005-07-08,1202.75,1217.25,1200.75,1216.5,1216.5,841624
1224,2005-07-11,1216.5,1224.75,1215.5,1223.5,1223.5,660773
1225,2005-07-12,1223.25,1229.75,1219.75,1225.5,1225.5,731031
1226,2005-07-13,1225.75,1228.5,1222.75,1228.0,1228.0,589633
1227,2005-07-14,1227.75,1237.5,1227.0,1231.75,1231.75,880014
1228,2005-07-15,1231.25,1233.5,1226.5,1231.25,1231.25,554683
1229,2005-07-18,1230.5,1231.5,1224.0,1226.5,1226.5,445747
1230,2005-07-19,1226.5,1234.0,1226.5,1233.25,1233.25,613904
1231,2005-07-20,1231.75,1240.0,1225.5,1236.5,1236.5,923309
1232,2005-07-21,1238.25,1246.0,1227.0,1230.0,1230.0,1093560
1233,2005-07-22,1229.25,1238.0,1227.25,1237.0,1237.0,542786
1234,2005-07-25,1236.75,1241.75,1230.5,1234.0,1234.0,576981
1235,2005-07-26,1234.0,1237.5,1231.5,1235.0,1235.0,560862
1236,2005-07-27,1235.0,1240.5,1232.25,1239.75,1239.75,553800
1237,2005-07-28,1239.5,1248.25,1238.25,1247.0,1247.0,676330
1238,2005-07-29,1247.0,1248.75,1236.5,1236.75,1236.75,691729
1239,2005-08-01,1239.25,1242.0,1235.75,1237.5,1237.5,562113
1240,2005-08-02,1237.25,1247.5,1237.0,1245.0,1245.0,672058
1241,2005-08-03,1244.75,1248.5,1242.25,1247.75,1247.75,531908
1242,2005-08-04,1247.75,1248.5,1236.5,1238.0,1238.0,622052
1243,2005-08-05,1238.25,1241.0,1227.25,1229.75,1229.75,688747
1244,2005-08-08,1229.75,1234.5,1224.25,1227.25,1227.25,653176
1245,2005-08-09,1226.75,1236.25,1225.5,1234.25,1234.25,683725
1246,2005-08-10,1234.0,1245.25,1228.25,1233.75,1233.75,932525
1247,2005-08-11,1233.5,1240.5,1230.0,1238.5,1238.5,744612
1248,2005-08-12,1238.25,1238.5,1227.25,1231.0,1231.0,683616
1249,2005-08-15,1230.75,1238.5,1227.75,1237.5,1237.5,597897
1250,2005-08-16,1237.25,1239.0,1220.0,1221.5,1221.5,853949
1251,2005-08-17,1221.5,1227.75,1218.25,1221.5,1221.5,808255
1252,2005-08-18,1221.5,1224.75,1216.75,1221.0,1221.0,659584
1253,2005-08-19,1220.75,1227.25,1220.0,1223.75,1223.75,546467
1254,2005-08-22,1223.25,1231.0,1217.5,1224.0,1224.0,844986
1255,2005-08-23,1223.25,1225.0,1215.5,1221.5,1221.5,685576
1256,2005-08-24,1221.0,1225.75,1209.0,1210.0,1210.0,1030677
1257,2005-08-25,1209.25,1215.0,1208.5,1213.5,1213.5,576260
1258,2005-08-26,1213.75,1215.25,1204.75,1206.0,1206.0,803310
1259,2005-08-29,1203.25,1215.75,1194.0,1214.5,1214.5,933736
1260,2005-08-30,1214.5,1215.0,1201.5,1208.5,1208.5,1275960
1261,2005-08-31,1208.5,1224.25,1204.75,1221.5,1221.5,1264220
1262,2005-09-01,1222.25,1228.75,1216.5,1221.75,1221.75,992540
1263,2005-09-02,1221.75,1226.25,1217.5,1219.75,1219.75,648621
1264,2005-09-06,1219.5,1235.0,1219.25,1234.25,1234.25,802131
1265,2005-09-07,1234.25,1238.0,1231.25,1235.5,1235.5,741436
1266,2005-09-08,1235.25,1236.25,1229.5,1232.0,1232.0,365102
1267,2005-09-09,1232.0,1243.75,1231.25,1242.0,1242.0,224184
1268,2005-09-12,1242.25,1244.5,1239.0,1240.25,1240.25,179731
1269,2005-09-13,1239.75,1240.5,1231.5,1232.5,1232.5,207171
1270,2005-09-14,1232.5,1235.75,1225.75,1228.5,1228.5,88824
1271,2005-09-15,1228.0,1232.25,1224.75,1227.25,1227.25,93230
1272,2005-09-16,1227.5,1235.5,1227.0,1232.7900390625,1232.7900390625,847635
1273,2005-09-19,1242.5,1243.0,1233.25,1238.0,1238.0,634914
1274,2005-09-20,1238.0,1243.0,1225.5,1227.5,1227.5,898982
1275,2005-09-21,1227.5,1229.5,1214.25,1216.0,1216.0,1051180
1276,2005-09-22,1216.0,1222.75,1210.75,1219.75,1219.75,1093250
1277,2005-09-23,1219.5,1224.75,1215.0,1220.5,1220.5,648656
1278,2005-09-26,1224.0,1229.0,1216.75,1221.5,1221.5,856117
1279,2005-09-27,1221.5,1226.0,1216.0,1221.75,1221.75,805798
1280,2005-09-28,1221.75,1227.0,1217.5,1222.75,1222.75,820109
1281,2005-09-29,1222.5,1234.5,1216.25,1231.75,1231.75,1179570
1282,2005-09-30,1231.5,1236.0,1230.0,1234.25,1234.25,659840
1283,2005-10-03,1235.25,1239.0,1229.75,1231.75,1231.75,772265
1284,2005-10-04,1231.5,1235.5,1216.5,1216.75,1216.75,985820
1285,2005-10-05,1216.75,1218.5,1200.0,1200.75,1200.75,1402650
1286,2005-10-06,1200.75,1207.0,1185.75,1197.0,1197.0,1603800
1287,2005-10-07,1196.75,1204.75,1195.0,1200.0,1200.0,872168
1288,2005-10-10,1199.5,1204.5,1189.5,1190.0,1190.0,785969
1289,2005-10-11,1190.25,1198.0,1187.0,1188.5,1188.5,963502
1290,2005-10-12,1189.25,1195.0,1177.25,1178.5,1178.5,1380590
1291,2005-10-13,1179.0,1184.5,1171.75,1178.0,1178.0,1206460
1292,2005-10-14,1178.5,1191.5,1178.5,1190.0,1190.0,1050860
1293,2005-10-17,1189.75,1195.75,1186.25,1194.25,1194.25,758747
1294,2005-10-18,1194.25,1196.75,1180.75,1181.5,1181.5,992428
1295,2005-10-19,1182.25,1201.0,1173.75,1200.5,1200.5,1505180
1296,2005-10-20,1199.0,1201.0,1175.25,1179.5,1179.5,1497790
1297,2005-10-21,1179.75,1190.0,1175.75,1183.75,1183.75,1144610
1298,2005-10-24,1183.75,1203.25,1183.25,1202.5,1202.5,968810
1299,2005-10-25,1202.0,1204.75,1191.75,1199.0,1199.0,976446
1300,2005-10-26,1198.75,1207.25,1193.75,1196.0,1196.0,1021568
1301,2005-10-27,1195.5,1196.0,1180.75,1182.5,1182.5,955560
1302,2005-10-28,1181.5,1201.25,1179.5,1199.75,1199.75,1034230
1303,2005-10-31,1199.75,1214.5,1199.5,1209.75,1209.75,1037613
1304,2005-11-01,1205.25,1210.5,1203.0,1206.25,1206.25,795867
1305,2005-11-02,1206.25,1218.5,1202.5,1218.0,1218.0,994560
1306,2005-11-03,1218.0,1227.75,1216.0,1223.75,1223.75,1013023
1307,2005-11-04,1223.5,1225.75,1216.5,1222.0,1222.0,743547
1308,2005-11-07,1222.5,1227.0,1219.25,1222.75,1222.75,667652
1309,2005-11-08,1222.5,1224.5,1218.5,1222.75,1222.75,629541
1310,2005-11-09,1222.5,1229.5,1218.75,1223.75,1223.75,847127
1311,2005-11-10,1223.5,1235.5,1217.25,1233.75,1233.75,1078110
1312,2005-11-11,1233.75,1238.75,1232.5,1238.0,1238.0,362334
1313,2005-11-14,1238.0,1240.25,1234.0,1237.25,1237.25,553318
1314,2005-11-15,1237.0,1241.0,1228.5,1232.5,1232.5,921501
1315,2005-11-16,1232.5,1235.25,1229.25,1234.75,1234.75,635768
1316,2005-11-17,1234.5,1246.25,1233.75,1245.25,1245.25,802407
1317,2005-11-18,1245.0,1252.25,1242.5,1250.25,1250.25,938944
1318,2005-11-21,1250.25,1258.25,1248.5,1257.0,1257.0,686194
1319,2005-11-22,1256.75,1264.0,1253.0,1262.0,1262.0,809153
1320,2005-11-23,1261.75,1273.0,1260.75,1268.5,1268.5,809153
1321,2005-11-24,1268.5,1268.5,1265.75,1267.5,1267.5,635533
1322,2005-11-25,1268.0,1270.75,1266.0,1270.0,1270.0,189175
1323,2005-11-28,1269.75,1273.0,1258.75,1261.0,1261.0,795243
1324,2005-11-29,1260.75,1268.0,1258.75,1259.25,1259.25,845046
1325,2005-11-30,1259.25,1263.0,1250.5,1251.0,1251.0,1036807
1326,2005-12-01,1253.0,1268.0,1251.75,1264.5,1264.5,880394
1327,2005-12-02,1265.0,1268.25,1262.5,1266.0,1266.0,691895
1328,2005-12-05,1266.0,1267.0,1259.0,1263.5,1263.5,674928
1329,2005-12-06,1263.5,1274.5,1263.0,1265.5,1265.5,937848
1330,2005-12-07,1265.75,1267.25,1253.5,1258.0,1258.0,1048204
1331,2005-12-08,1257.75,1264.75,1251.25,1256.75,1256.75,418250
1332,2005-12-09,1255.75,1264.5,1254.25,1259.25,1259.25,245032
1333,2005-12-12,1260.0,1266.0,1255.75,1261.0,1261.0,222856
1334,2005-12-13,1261.25,1273.25,1259.25,1269.0,1269.0,193799
1335,2005-12-14,1269.25,1276.5,1265.25,1273.75,1273.75,131032
1336,2005-12-15,1273.5,1275.5,1267.5,1269.5,1269.5,107855
1337,2005-12-16,1269.5,1277.0,1269.25,1274.8399658203125,1274.8399658203125,698893
1338,2005-12-19,1275.25,1279.75,1266.75,1267.5,1267.5,667914
1339,2005-12-20,1267.75,1272.0,1264.75,1268.0,1268.0,625304
1340,2005-12-21,1268.0,1277.0,1266.75,1270.0,1270.0,764030
1341,2005-12-22,1269.25,1276.0,1269.0,1275.5,1275.5,424148
1342,2005-12-23,1275.75,1277.75,1273.0,1276.5,1276.5,274193
1343,2005-12-27,1277.0,1281.0,1262.5,1264.0,1264.0,595885
1344,2005-12-28,1263.5,1268.25,1263.0,1265.25,1265.25,391511
1345,2005-12-29,1265.25,1267.75,1258.5,1260.0,1260.0,367199
1346,2005-12-30,1260.25,1261.5,1251.25,1254.75,1254.75,465731
