,date,low,high,open,close,SMA,FRAMA,WMA,TEMA,ATR_diff,ATR,Line,line_change,change_SMA,upper_band,lower_band,upper_band_1,lower_band_1,upper_band_2,lower_band_2
0,2000-09-22,1436.75,1489.75,1485.25,1468.5,,1468.5,,1468.5,53.0,53.0,,,,,,,,,
1,2000-09-29,1438.25,1481.0,1469.5,1454.0,,1454.0,,1455.5657056473385,42.75,52.06818181818181,,,,,,,,,
2,2000-10-06,1411.5,1474.0,1453.75,1426.25,,1426.25,,1432.5513757967803,62.5,53.016528925619824,,,,,,,,,
3,2000-10-13,1339.0,1426.75,1425.25,1386.25,,1386.25,,1399.664363454946,87.75,56.17411720510893,,,,,,,,,
4,2000-10-20,1324.0,1422.0,1386.0,1411.0,,1411.0,,1399.793354811132,98.0,59.97647018646266,,,,,,,,,
5,2000-10-27,1348.5,1428.75,1411.0,1401.0,,1401.0,,1395.8132717102515,80.25,61.81951835132969,,,,,,,,,
6,2000-11-03,1387.0,1445.5,1398.0,1436.75,,1436.75,,1410.7792931335664,58.5,61.51774395575426,,,,,,,,,
7,2000-11-10,1370.5,1455.0,1436.0,1372.25,,1372.25,,1392.7582255148695,84.5,63.6070399597766,,,,,,,,,
8,2000-11-17,1335.0,1404.5,1369.0,1370.5,,1370.5,1400.6888888888889,1380.773769622822,69.5,64.14276359979691,1400.6888888888889,,,1464.8316524886857,1336.546125289092,1503.317310648564,1298.0604671292137,1548.2172451684219,1253.1605326093559
9,2000-11-27,1320.25,1373.5,1369.75,1359.0,,1359.0,1389.6777777777777,1368.799649059037,53.25,63.152512363451734,1389.6777777777777,0.9921387888499309,0.9921387888499309,1452.8302901412294,1326.525265414326,1490.7217975593005,1288.6337579962549,1534.9285562137165,1244.4269993418388
10,2000-12-04,1296.75,1364.5,1358.5,1329.5,,1329.5,1375.2,1350.2740517299667,67.75,63.57046578495612,1375.2,0.9895819174708766,0.9895819174708766,1438.770465784956,1311.629534215044,1476.9127452559298,1273.4872547440702,1521.4120713053992,1228.987928694601
11,2000-12-11,1329.0,1392.0,1331.5,1383.0,,1383.0,1374.1888888888889,1356.3709026384956,63.0,63.518605259051014,1374.1888888888889,0.999264753409605,0.9992647534096049,1437.70749414794,1310.6702836298377,1475.8186573033704,1272.5591204744073,1520.281680984706,1228.0960967930716
12,2000-12-18,1317.75,1387.75,1380.5,1346.0,,1346.0,1366.7388888888888,1348.8561780644293,70.0,64.10782296277365,1366.7388888888888,0.9945786201153003,0.9945786201153003,1430.8467118516626,1302.631065926115,1469.3114056293266,1264.166372148451,1514.1868817032682,1219.2908960745094
13,2000-12-26,1270.25,1366.75,1346.75,1336.5,,1336.5,1358.2833333333333,1340.6810397555757,96.5,67.05256632979423,1358.2833333333333,0.993813335067659,0.9938133350676591,1425.3358996631275,1291.230767003539,1465.5674394610041,1250.9992272056625,1512.50423589186,1204.0624307748067
14,2001-01-03,1288.75,1367.25,1337.5,1359.0,,1359.0,1355.9833333333333,1342.1765081455947,78.5,68.09324211799475,1355.9833333333333,0.998306686135686,0.9983066861356862,1424.0765754513282,1287.8900912153385,1464.932520722125,1247.0341459445417,1512.5977902047212,1199.3688764619455
15,2001-01-10,1287.5,1380.0,1360.0,1327.0,,1327.0,1348.2166666666667,1333.827792521401,92.5,70.31203828908613,1348.2166666666667,0.99427229931538,0.9942722993153801,1418.5287049557528,1277.9046283775806,1460.7159279292046,1235.7174054041288,1509.9343547315648,1186.4989786017686
16,2001-01-18,1319.5,1364.0,1325.75,1356.0,,1356.0,1348.6888888888889,1336.6358858573549,44.5,67.96548935371466,1348.6888888888889,1.0003502569237552,1.0003502569237552,1416.6543782426036,1280.7233995351742,1457.4336718548323,1239.9441059229455,1505.0095144024326,1192.3682633753451
17,2001-01-25,1341.25,1379.0,1359.0,1365.0,,1365.0,1351.3222222222223,1341.8502328815277,37.75,65.21862668519515,1351.3222222222223,1.0019525135522567,1.001952513552257,1416.5408489074175,1286.103595537027,1455.6720249185346,1246.97241952591,1501.3250635981713,1201.3193808462734
18,2001-02-01,1350.25,1394.0,1364.25,1382.5,,1382.5,1357.5777777777778,1351.3171867768558,43.75,63.2669333501774,1357.5777777777778,1.0046292108963237,1.0046292108963242,1420.8447111279552,1294.3108444276004,1458.8048711380616,1256.350684417494,1503.0917244831858,1212.0638310723698
19,2001-02-08,1333.75,1386.0,1382.5,1335.25,,1335.25,1353.861111111111,1345.370960459837,52.25,62.26539395470673,1353.861111111111,0.997262280859701,0.9972622808597016,1416.1265050658178,1291.5957171564044,1453.485741438642,1254.2364807835802,1497.0715172069365,1210.6507050152857
20,2001-02-15,1308.5,1342.0,1336.25,1333.0,1378.0119047619048,1335.0317367439764,1349.5666666666666,1340.2476646913997,33.5,59.65035814064248,1349.5666666666666,0.9968280022158846,0.9968280022158852,1409.2170248073091,1289.916308526024,1445.0072396916946,1254.1260936416386,1486.7624903901442,1212.370842943189
21,2001-02-23,1217.0,1330.25,1330.25,1247.5,1367.4880952380952,1318.027441861866,1329.2833333333333,1312.4788639259066,113.25,64.52305285512952,1329.2833333333333,0.9849704843530023,0.9849704843530027,1393.8063861884627,1264.7602804782039,1432.5202179015405,1226.0464487651261,1477.6863549001312,1180.8803117665354
22,2001-03-02,1215.5,1277.0,1251.25,1234.0,1357.0119047619048,1300.0342269607477,1308.4888888888888,1286.9706428666684,61.5,64.24822986829956,1308.4888888888888,0.9843566499910144,0.9843566499910148,1372.7371187571885,1244.2406590205892,1411.286056678168,1205.6917210996096,1456.2598175859778,1160.7179601917999
23,2001-03-09,1227.25,1270.5,1236.25,1231.75,1347.75,1285.1895420150402,1289.5222222222221,1266.4275008190903,43.25,62.33929988027232,1289.5222222222221,0.9855049081213274,0.9855049081213278,1351.8615221024945,1227.1829223419497,1389.2651020306578,1189.7793424137865,1432.9026119468485,1146.1418324975957
24,2001-03-16,1154.0,1233.25,1230.0,1169.75,1337.4404761904761,1250.4777659780893,1260.9833333333333,1233.6762320709588,79.25,63.87663625479301,1260.9833333333333,0.9778686335162895,0.9778686335162898,1324.8599695881264,1197.1066970785403,1363.1859513410022,1158.7807153256645,1407.8995967193573,1114.0670699473094
25,2001-03-23,1088.0,1193.25,1164.75,1153.25,1325.1666666666667,1220.7955447953686,1232.638888888889,1203.564889870466,105.25,67.63785114072091,1232.638888888889,0.9775219515633743,0.9775219515633747,1300.2767400296098,1165.001037748168,1340.8594507140424,1124.4183270637354,1388.205946512547,1077.071831265231
26,2001-03-30,1143.75,1194.5,1153.25,1174.0,1314.357142857143,1209.6633350325606,1212.95,1185.6181034003887,50.75,66.10259194610991,1212.95,0.9840270422535211,0.9840270422535217,1279.05259194611,1146.8474080538901,1318.7141471137759,1107.1858528862242,1364.9859614760528,1060.9140385239473
27,2001-04-06,1098.5,1178.75,1173.0,1140.5,1300.25,1192.0481027550227,1190.8055555555557,1163.0760831204532,80.25,67.38871995100901,1190.8055555555557,0.9817433163407854,0.981743316340786,1258.1942755065647,1123.4168356045466,1298.6275074771702,1082.9836036339411,1345.7996114428763,1035.811499668235
28,2001-04-16,1133.5,1195.25,1138.0,1182.0,1291.1904761904761,1184.0005740606057,1182.338888888889,1156.6688664200826,61.75,66.87610904637182,1182.338888888889,0.9928899671090998,0.9928899671091005,1249.2149979352607,1115.4627798425172,1289.3406633630839,1075.337114414694,1336.153939695544,1028.5238380822339
29,2001-04-23,1167.0,1268.0,1180.25,1226.0,1284.3095238095239,1219.711434961595,1186.0777777777778,1163.919428014838,101.0,69.97828095124711,1186.0777777777778,1.0031622819176678,1.0031622819176684,1256.056058729025,1116.0994968265306,1298.0430272997733,1074.1125282557823,1347.0278239656461,1025.1277315899094
30,2001-04-30,1212.75,1274.75,1226.0,1254.25,1279.3214285714287,1254.25,1197.8444444444444,1178.022312354775,62.0,69.25298268295192,1197.8444444444444,1.009920653507827,1.0099206535078273,1267.0974271273963,1128.5914617614926,1308.6492167371675,1087.0396721517213,1357.126304615234,1038.562584273655
31,2001-05-07,1235.0,1278.25,1253.25,1263.5,1276.1785714285713,1260.298129604968,1211.3111111111111,1192.6258330799817,43.25,66.88907516631993,1211.3111111111111,1.0112424169341225,1.0112424169341228,1278.2001862774312,1144.422035944791,1318.333631377223,1104.2885908449994,1365.155983993647,1057.4662382285753
32,2001-05-14,1243.5,1277.0,1266.25,1252.0,1269.9404761904761,1256.4303428396843,1221.8222222222223,1202.1489023225106,33.5,63.853704696654475,1221.8222222222223,1.0086774661065145,1.0086774661065148,1285.6759269188767,1157.968517525568,1323.9881497368694,1119.6562947075752,1368.6857430245277,1074.958701419917
33,2001-05-21,1236.0,1317.0,1252.25,1314.75,1268.452380952381,1264.6699191515631,1244.4333333333334,1226.5919820296228,81.0,65.41245881514043,1244.4333333333334,1.0185060565275907,1.0185060565275912,1309.8457921484737,1179.020874518193,1349.093267437558,1139.7733992291087,1394.8819886081565,1093.9846780585103
34,2001-05-29,1266.5,1319.25,1314.75,1268.5,1265.2142857142858,1264.839773144749,1254.5722222222223,1235.0456937090546,52.75,64.2613261955822,1254.5722222222223,1.0081473941731622,1.008147394173163,1318.8335484178044,1190.3108960266402,1357.3903441351538,1151.7541003092908,1402.3732724720614,1106.7711719723832
35,2001-06-05,1246.75,1288.5,1267.25,1284.5,1261.6666666666667,1265.5006512762388,1265.35,1246.3157725671035,41.75,62.21484199598382,1265.35,1.0085907989885883,1.008590798988589,1327.5648419959837,1203.1351580040161,1364.893747193574,1165.8062528064258,1408.4441365907626,1122.2558634092372
36,2001-06-12,1235.5,1286.25,1284.75,1253.75,1258.1785714285713,1265.1056533692256,1267.5222222222221,1247.8710752455413,50.75,61.172583632712566,1267.5222222222221,1.0017166967417885,1.0017166967417894,1328.6948058549347,1206.3496385895096,1365.3983560345623,1169.646088409882,1408.219164577461,1126.8252798669832
37,2001-06-19,1204.25,1260.0,1253.0,1224.5,1251.9166666666667,1262.8763955326592,1261.3277777777778,1241.8273240592803,55.75,60.67962148428415,1261.3277777777778,0.9951129500249832,0.995112950024984,1322.0073992620619,1200.6481562934937,1358.4151721526325,1164.240383402923,1400.8909071916314,1121.7646483639242
38,2001-06-26,1206.0,1249.25,1223.5,1220.75,1245.047619047619,1259.7901186485078,1253.4388888888889,1236.0525922846452,43.25,59.09511044025831,1253.4388888888889,0.9937455679420716,0.9937455679420722,1312.5339993291473,1194.3437784486305,1347.9910655933022,1158.8867121844755,1389.357642901483,1117.5201348762948
39,2001-07-03,1213.25,1248.25,1220.75,1245.25,1238.5119047619048,1258.751388616803,1250.5666666666666,1237.6830219276137,35.0,56.90464585478028,1250.5666666666666,0.9977085263209216,0.9977085263209223,1307.4713125214469,1193.6620208118864,1341.614100034315,1159.5192332990182,1381.4473521326613,1119.685981200672
40,2001-07-11,1174.0,1245.25,1245.25,1185.25,1231.3690476190477,1250.7195697296286,1235.8944444444444,1223.9728676874477,71.25,58.208768958891156,1235.8944444444444,0.9882675409369974,0.9882675409369981,1294.1032134033355,1177.6856754855532,1329.0284747786702,1142.7604141102186,1369.774613049894,1102.0142758389948
41,2001-07-18,1186.25,1225.75,1187.5,1212.0,1225.607142857143,1247.4167671194725,1228.3111111111111,1219.6387114275096,39.5,56.507971780810145,1228.3111111111111,0.9938640930320372,0.9938640930320379,1284.8190828919212,1171.803139330301,1318.7238659604075,1137.8983562618148,1358.2794462069744,1098.3427760152479
42,2001-07-25,1168.5,1231.5,1210.0,1191.5,1222.9404761904761,1242.6470332179008,1217.5166666666667,1211.0974478292069,63.0,57.09815616437286,1217.5166666666667,0.991211962224554,0.9912119622245549,1274.6148228310394,1160.4185105022939,1308.8737165296632,1126.1596168036701,1348.8424258447242,1086.1909074886091
43,2001-08-01,1186.0,1227.75,1192.5,1221.5,1222.345238095238,1241.5854710055376,1215.4611111111112,1211.8510965005457,41.75,55.70286924033896,1215.4611111111112,0.9983116817930853,0.9983116817930863,1271.1639803514502,1159.7582418707723,1304.5857018956535,1126.336520326569,1343.577710363891,1087.3445118583315
44,2001-08-08,1183.75,1234.25,1220.25,1185.5,1220.142857142857,1238.77003036814,1207.25,1203.6236658799696,50.5,55.229881127580875,1207.25,0.9932444476947476,0.9932444476947486,1262.479881127581,1152.020118872419,1295.6178098041294,1118.8821901958706,1334.278726593436,1080.221273406564
45,2001-08-15,1172.0,1202.75,1185.75,1181.0,1220.6785714285713,1233.066706377227,1200.338888888889,1195.9397260753647,30.75,53.00443738870989,1200.338888888889,0.9942753273049402,0.9942753273049411,1253.3433262775989,1147.334451500179,1285.145988710825,1115.531789066953,1322.2490948829218,1078.4286828948561
46,2001-08-22,1155.25,1186.0,1181.25,1167.75,1221.3690476190477,1227.3840688285693,1192.3944444444444,1186.526930641425,30.75,50.98130671700899,1192.3944444444444,0.9933814987434103,0.9933814987434112,1243.3757511614533,1141.4131377274355,1273.9645351916588,1110.82435369723,1309.651449893565,1075.1374389953237
47,2001-08-29,1148.25,1192.0,1169.0,1152.0,1220.3214285714287,1218.8528186834496,1182.5611111111111,1175.0887663614017,43.75,50.3239151972809,1182.5611111111111,0.9917532882016112,0.9917532882016121,1232.885026308392,1132.2371959138302,1263.0793754267606,1102.0428467954616,1298.3061160648572,1066.816106157365
48,2001-09-06,1103.0,1158.5,1152.25,1103.5,1218.5595238095239,1163.1636402767053,1164.5555555555557,1153.8019060446034,55.5,50.794468361164455,1164.5555555555557,0.9847741014089008,0.9847741014089016,1215.3500239167201,1113.7610871943912,1245.8267049334188,1083.2844061776925,1281.3828327862338,1047.7282783248775
49,2001-09-18,1018.5,1109.0,1106.75,1035.0,1211.5595238095239,1037.2571180201894,1136.0,1119.4533517983257,90.5,54.40406214651314,1136.0,0.9754794389848296,0.9754794389848306,1190.404062146513,1081.595937853487,1223.046499434421,1048.953500565579,1261.1293429369803,1010.8706570630197
50,2001-09-25,939.0,1045.0,1037.0,1018.25,1201.6666666666667,1028.4166186988602,1107.4333333333334,1087.419530979977,106.0,59.09460195137558,1107.4333333333334,0.9748532863849766,0.9748532863849777,1166.527935284709,1048.3387313819578,1201.9846964555343,1012.8819702111325,1243.3509178214972,971.5157488451696
51,2001-10-02,1000.25,1056.0,1018.0,1055.5,1192.202380952381,1041.0135107557044,1090.6222222222223,1070.9407818025031,55.75,58.79054722852325,1090.6222222222223,0.9848197533837,0.9848197533837011,1149.4127694507456,1031.831674993699,1184.6870977878596,996.5573466565851,1225.8404808478258,955.4039635966187
52,2001-10-09,1041.25,1087.5,1054.25,1060.0,1182.5119047619048,1049.844415320001,1077.7333333333333,1059.1716014125466,46.25,57.65049748047568,1077.7333333333333,0.9881820775092709,0.988182077509272,1135.383830813809,1020.0828358528577,1169.9741293020945,985.4925373645723,1210.3294775384275,945.1371891282392
53,2001-10-16,1054.75,1106.0,1060.0,1098.75,1175.2142857142858,1098.446341376983,1076.1833333333334,1059.8758181934786,51.25,57.0686340731597,1076.1833333333334,0.9985617963627367,0.9985617963627378,1133.2519674064931,1019.1146992601737,1167.4931478503888,984.8735188162779,1207.4411917016007,944.9254749650661
54,2001-10-23,1058.75,1114.5,1097.5,1088.25,1164.4285714285713,1088.25,1074.4611111111112,1058.5428332950637,55.75,56.948758248327,1074.4611111111112,0.9983996943932519,0.9983996943932532,1131.4098693594383,1017.5123528627843,1165.5791243084345,983.343097913788,1205.4432550822632,943.4789671399592
55,2001-10-30,1053.5,1112.5,1087.0,1059.25,1154.4642857142858,1059.25,1069.0,1050.8691718147427,59.0,57.13523477120637,1069.0,0.9949173487484682,0.9949173487484694,1126.1352347712063,1011.8647652287937,1160.41637563393,977.5836243660698,1200.4110399737747,937.5889600262253
56,2001-11-06,1053.25,1121.75,1059.0,1121.0,1146.6785714285713,1121.0,1078.3,1060.6058478154134,68.5,58.16839524655124,1078.3,1.0086997193638914,1.0086997193638927,1136.4683952465512,1020.1316047534488,1171.369432394482,985.230567605518,1212.0873090670677,944.5126909329322
57,2001-11-13,1096.5,1142.0,1120.5,1141.75,1141.345238095238,1141.75,1092.4388888888889,1074.428996028158,45.5,57.016722951410216,1092.4388888888889,1.0131122033653797,1.0131122033653808,1149.455611840299,1035.4221659374787,1183.6656456111452,1001.2121321666325,1223.5773516771324,961.3004261006454
58,2001-11-20,1130.25,1155.5,1141.5,1144.25,1137.5238095238096,1142.5857690630423,1106.2277777777779,1086.9764605703497,25.25,54.12883904673656,1106.2277777777779,1.012622114636466,1.0126221146364673,1160.3566168245145,1052.0989387310412,1192.8339202525563,1019.6216353029994,1230.724107585272,981.7314479702839
59,2001-11-28,1128.25,1164.75,1143.25,1129.25,1133.1666666666667,1141.8180366475644,1114.588888888889,1094.009990637058,36.5,52.52621731521506,1114.588888888889,1.007558218369735,1.007558218369736,1167.115106204104,1062.062671573674,1198.630836593233,1030.546941184545,1235.3991887138836,993.7785890638943
60,2001-12-05,1125.0,1175.25,1129.75,1169.0,1129.5357142857142,1143.2487068575679,1128.4333333333334,1110.0703180624687,50.25,52.31928846837732,1128.4333333333334,1.012421121888489,1.0124211218884904,1180.7526218017108,1076.114044864956,1212.144194882737,1044.7224717839297,1248.7676968106011,1008.0989698560655
61,2001-12-12,1125.75,1174.5,1168.5,1137.75,1127.2738095238096,1142.935490363925,1133.5055555555555,1115.8018544637544,48.75,51.99480769852484,1133.5055555555555,1.00449492413277,1.0044949241327716,1185.5003632540804,1081.5107478570305,1216.6972478731952,1050.3138632379157,1253.0936132621625,1013.9174978489484
62,2001-12-19,1114.25,1153.25,1138.0,1151.75,1124.404761904762,1143.4375811050588,1139.65,1124.2127435763964,39.0,50.81346154411349,1139.65,1.0054207448868067,1.0054207448868082,1190.4634615441137,1088.8365384558865,1220.9515384705817,1058.3484615294185,1256.5209615514611,1022.779038448539
63,2001-12-27,1138.75,1161.0,1151.0,1159.5,1122.8809523809523,1144.0021094932456,1146.1666666666667,1133.2283599586349,22.25,48.216783221921354,1146.1666666666667,1.0057181298351834,1.005718129835185,1194.383449888588,1097.9498834447454,1223.313519821741,1069.0198135115925,1257.0652680770859,1035.2680652562476
64,2002-01-04,1136.5,1178.25,1159.0,1175.25,1120.6785714285713,1144.8810010734048,1154.25,1144.6812407311472,41.75,47.62889383811032,1154.25,1.0070524938199796,1.0070524938199812,1201.8788938381103,1106.6211061618897,1230.4562301409765,1078.0437698590235,1263.7964558276537,1044.7035441723463
65,2002-01-11,1145.25,1178.5,1173.25,1147.75,1118.8809523809523,1145.3897502614618,1154.2555555555555,1147.3132694812202,33.25,46.321721671009385,1154.2555555555555,1.0000048131302193,1.0000048131302208,1200.5772772265648,1107.9338338845462,1228.3703102291704,1080.1408008819405,1260.7955153988771,1047.7155957122338
66,2002-01-18,1124.25,1150.0,1147.5,1129.0,1116.404761904762,1138.7744356471796,1149.9166666666667,1144.7995657928745,25.75,44.45156515546308,1149.9166666666667,0.9962409633915079,0.9962409633915095,1194.36823182213,1105.4651015112036,1221.0391709154076,1078.794162417926,1252.1552665242318,1047.6780668091017
67,2002-01-28,1117.5,1139.75,1129.25,1135.5,1114.8690476190477,1136.8241628434446,1147.161111111111,1144.3197766485546,22.25,42.43324105042098,1147.161111111111,0.9976036910887262,0.9976036910887276,1189.594352161532,1104.72787006069,1215.0542967917845,1079.2679254304376,1244.7575655270794,1049.5646566951427
68,2002-02-04,1080.75,1138.25,1136.0,1095.5,1112.1785714285713,1129.9562573907258,1136.6,1133.94483909401,57.5,43.80294640947362,1136.6,0.9907936984536706,0.9907936984536722,1180.4029464094735,1092.7970535905263,1206.6847142551578,1066.515285744842,1237.3467767417892,1035.8532232582106
69,2002-02-11,1075.5,1112.75,1095.5,1110.0,1112.4880952380952,1126.639609707653,1129.6888888888889,1128.988766540095,37.25,43.20722400861238,1129.6888888888889,0.9939194869689327,0.9939194869689344,1172.8961128975013,1086.4816648802764,1198.8204473026688,1060.557330475109,1229.0655041086973,1030.3122736690805
70,2002-02-18,1102.5,1125.5,1110.5,1104.75,1115.8095238095239,1125.7257010102976,1123.0388888888888,1123.624649802401,23.0,41.370203644193076,1123.0388888888888,0.9941134235581084,0.9941134235581099,1164.4090925330818,1081.6686852446958,1189.2312147195978,1056.8465630581798,1218.1903572705328,1027.8874205072448
71,2002-02-25,1073.75,1113.5,1104.0,1109.75,1120.1666666666667,1125.1106604840386,1118.1222222222223,1120.4940069039396,39.75,41.22291240381189,1118.1222222222223,0.9956219978530477,0.9956219978530492,1159.3451346260342,1076.8993098184103,1184.0788820683213,1052.1655623761233,1212.9349207509897,1023.3095236934549
72,2002-03-04,1100.5,1154.75,1109.25,1152.25,1124.7738095238096,1126.1554843479464,1122.638888888889,1128.5559150322867,54.25,42.40719309437444,1122.638888888889,1.0040395106875615,1.004039510687563,1165.0460819832633,1080.2316957945145,1190.490397839888,1054.78737993789,1220.17543300595,1025.1023447718278
73,2002-03-11,1144.5,1173.5,1152.5,1166.5,1129.845238095238,1127.7086876860853,1130.1666666666667,1138.813498217725,29.0,41.18835735852222,1130.1666666666667,1.0067054311518002,1.0067054311518018,1171.3550240251889,1088.9783093081446,1196.0680384403022,1064.2652948930313,1224.8998885912679,1035.4334447420656
74,2002-03-18,1147.25,1175.75,1165.25,1167.25,1133.107142857143,1129.3276424535488,1138.0388888888888,1147.474371502407,28.5,40.03487032592929,1138.0388888888888,1.0069655409723244,1.0069655409723262,1178.073759214818,1098.0040185629596,1202.0946814103756,1073.983096367402,1230.1190906385261,1045.9586871392514
75,2002-03-25,1133.0,1177.5,1167.0,1135.5,1135.357142857143,1129.6242608693394,1139.1277777777777,1146.6789498032254,44.5,40.44079120539026,1139.1277777777777,1.0009568116691971,1.000956811669199,1179.568568983168,1098.6869865723875,1203.8330437064021,1074.4225118491534,1232.1415975501754,1046.11395800538
76,2002-04-02,1134.0,1156.75,1135.5,1138.5,1139.1309523809523,1130.2834542186135,1140.6722222222222,1146.6979553482024,22.75,38.832537459445696,1140.6722222222222,1.001355813170896,1.001355813170898,1179.504759681668,1101.8396847627764,1202.8042821573354,1078.540162287109,1229.9870583789473,1051.3573860654972
77,2002-04-09,1110.0,1141.25,1137.5,1120.5,1139.107142857143,1129.556845667044,1138.55,1142.1668163930713,31.25,38.14321587222336,1138.55,0.9981394986387169,0.9981394986387189,1176.6932158722234,1100.4067841277765,1199.5791453955574,1077.5208546044425,1226.2793965061137,1050.8206034938862
78,2002-04-16,1100.0,1133.5,1120.5,1129.75,1138.5357142857142,1129.5609955381324,1137.7222222222222,1140.6677045721824,33.5,37.721105338384874,1137.7222222222222,0.9992729543913067,0.9992729543913088,1175.443327560607,1100.0011168838373,1198.075990763638,1077.3684536808064,1224.4807645005073,1050.963679943937
79,2002-04-23,1099.25,1135.75,1131.5,1102.75,1136.5595238095239,1129.035942728568,1131.0555555555557,1132.6695587295997,36.5,37.610095762168065,1131.0555555555557,0.9941403388837347,0.9941403388837368,1168.6656513177238,1093.4454597933875,1191.2317087750246,1070.8794023360867,1217.5587758085421,1044.5523353025692
80,2002-04-30,1063.5,1109.75,1102.75,1076.0,1134.0238095238096,1127.6017155010143,1119.0833333333333,1119.3864827528164,46.25,38.39554160197097,1119.0833333333333,0.9894150007367747,0.9894150007367768,1157.4788749353042,1080.6877917313623,1180.5161998964868,1057.6504667701797,1207.3930790178665,1030.7735876488
81,2002-05-07,1045.75,1092.25,1076.75,1047.5,1128.2380952380952,1123.443041904135,1102.161111111111,1101.351714016802,46.5,39.132310547246334,1102.161111111111,0.9848784967855636,0.9848784967855658,1141.2934216583574,1063.0288005638647,1164.7728079867052,1039.549414235517,1192.1654253697775,1012.1567968524445
82,2002-05-14,1051.25,1099.75,1051.75,1098.25,1126.357142857143,1122.135084421121,1097.7166666666667,1099.178053252071,48.5,39.98391867931485,1097.7166666666667,0.9959675183603931,0.9959675183603952,1137.7005853459816,1057.7327479873518,1161.6909365535705,1033.7423967797629,1189.6796796290907,1005.7536537042425
83,2002-05-21,1079.25,1109.0,1098.75,1082.75,1123.0714285714287,1120.0903128495197,1091.6888888888889,1093.671316985612,29.75,39.053562435740766,1091.6888888888889,0.9945088036277323,0.9945088036277343,1130.7424513246297,1052.635326453148,1154.174588786074,1029.2031889917037,1181.5120824910925,1001.8656952866851
84,2002-05-28,1070.0,1101.0,1083.0,1076.5,1119.1190476190477,1114.4002103546002,1086.2888888888888,1087.7206596385793,31.0,38.32142039612797,1086.2888888888888,0.9950535358058868,0.9950535358058887,1124.6103092850167,1047.9674684927609,1147.6031615226934,1024.9746162550841,1174.4281557999832,998.1496219777945
85,2002-06-04,1030.75,1080.75,1076.5,1042.0,1112.7738095238096,1104.1883680373955,1075.3,1074.3939963238877,50.0,39.383109451025426,1075.3,0.9898840087556001,0.9898840087556019,1114.6831094510253,1035.9168905489746,1138.3129751216406,1012.2870248783593,1165.8811517373583,984.7188482626415
86,2002-06-11,1010.25,1053.75,1042.5,1014.0,1106.404761904762,1080.5402328474252,1060.8555555555556,1056.6254436992858,43.5,39.75737222820493,1060.8555555555556,0.9865670562220363,0.9865670562220382,1100.6129277837606,1021.0981833273506,1124.4673511206836,997.2437599904277,1152.2975116804269,969.4135994306843
87,2002-06-18,978.75,1044.75,1014.0,1044.75,1102.392857142857,1071.1557381140747,1054.9277777777777,1049.8628514732272,66.0,42.14306566200448,1054.9277777777777,0.9944122668286601,0.9944122668286619,1097.0708434397823,1012.7847121157732,1122.3566828369849,987.4988727185705,1151.856828800388,957.9987267551674
88,2002-06-25,971.0,1041.5,1040.25,974.5,1094.7261904761904,974.5,1036.838888888889,1027.1165677079541,70.5,44.72096878364044,1036.838888888889,0.9828529599182674,0.9828529599182692,1081.5598576725295,992.1179201052486,1108.3924389427136,965.2853388350643,1139.697117091262,933.980660686516
89,2002-07-02,945.5,1003.25,975.0,947.75,1087.6904761904761,947.75,1016.25,1002.035989003462,57.75,45.90542616694585,1016.25,0.980142634396215,0.9801426343962167,1062.1554261669457,970.3445738330541,1089.6986818671135,942.8013181328866,1121.8324801839753,910.6675198160245
90,2002-07-09,934.75,995.75,948.25,954.75,1080.297619047619,951.4382547523462,999.9111111111112,983.5164952999205,61.0,47.277660151768956,999.9111111111112,0.9839223725570589,0.9839223725570607,1047.1887712628802,952.6334509593422,1075.5553673539414,924.2668548682808,1108.6497294601797,891.1724927620426
91,2002-07-16,875.75,961.5,954.5,903.25,1070.702380952381,936.4354007238989,975.3333333333334,955.9488140535873,85.75,50.775145592517234,975.3333333333334,0.9754200373366522,0.975420037336654,1026.1084789258507,924.5581877408162,1056.5735662813609,894.0931003853058,1092.116168196123,858.5504984705437
92,2002-07-23,794.25,929.75,901.0,796.25,1055.7738095238096,859.681657497645,933.6888888888889,907.182633325639,135.5,58.47740508410658,933.6888888888889,0.9573023467760309,0.9573023467760327,992.1662939729954,875.2114838047823,1027.2527370234593,840.1250407543183,1068.186920582334,799.1908571954438
93,2002-07-30,771.0,910.25,795.25,905.5,1044.0238095238096,887.4865713332845,920.2611111111111,894.8351973987258,139.25,65.8203682582787,920.2611111111111,0.9856185738766184,0.9856185738766201,986.0814793693897,854.4407428528324,1025.573700324357,814.9485218978651,1071.6479581051522,768.8742641170701
94,2002-08-06,828.5,916.0,904.5,861.75,1029.5119047619048,861.75,901.8833333333333,874.6358806119354,87.5,67.79124387116246,901.8833333333333,0.9800298224537722,0.9800298224537739,969.6745772044958,834.0920894621709,1010.3493235271933,793.4173431394734,1057.803194237007,745.9634724296596
95,2002-08-13,853.5,914.75,859.5,885.5,1016.0952380952381,884.2715303610789,892.2611111111111,864.7672084846374,61.25,67.19658533742042,892.2611111111111,0.9893309679128244,0.9893309679128262,959.4576964485315,825.0645257736907,999.7756476509837,784.7465745712384,1046.813257387178,737.7089648350441
96,2002-08-20,875.75,952.5,884.25,939.75,1006.7738095238095,915.1692023532047,896.3444444444444,871.0439894255355,76.75,68.06507757947311,896.3444444444444,1.0045763883267853,1.004576388326787,964.4095220239176,828.2793668649713,1005.2485685716015,787.4403203172874,1052.8941228772326,739.7947660116563
97,2002-08-27,929.75,966.0,939.75,936.25,997.1428571428571,936.25,902.0611111111111,876.2569572346877,36.25,65.172797799521,902.0611111111111,1.006377756566796,1.006377756566798,967.2339089106322,836.8883133115901,1006.3375875903448,797.7846346318775,1051.9585460500093,752.1636761722128
98,2002-09-03,876.0,937.0,936.75,877.75,985.5833333333334,877.75,896.9277777777778,866.8341394977451,61.0,64.7934525450191,896.9277777777778,0.9943093286362713,0.9943093286362732,961.7212303227969,832.1343252327587,1000.5973018498083,793.2582537057473,1045.9527186313217,747.902836924234
99,2002-09-10,869.25,912.25,877.25,911.25,975.1785714285714,906.5241470283631,900.05,868.1611978243959,43.0,62.81222958638099,900.05,1.0034810185385916,1.0034810185385936,962.862229586381,837.2377704136189,1000.5495673382095,799.5504326617904,1044.5181280486763,755.5818719513237
100,2002-09-17,871.75,927.5,911.0,872.25,964.202380952381,872.25,896.3388888888888,860.315561525581,55.75,62.17020871489181,896.3388888888888,0.9958767722780834,0.9958767722780852,958.5090976037807,834.168680173997,995.8112228327158,796.8665549450619,1039.33036893314,753.3474088446377
101,2002-09-24,815.5,879.0,870.0,820.75,952.047619047619,848.0974902010742,883.0166666666667,841.7530998778236,63.5,62.29109883171982,883.0166666666667,0.9851370699326272,0.9851370699326291,945.3077654983865,820.7255678349468,982.6824247974184,783.3509085359149,1026.286193979622,739.7471393537111
102,2002-10-01,798.25,857.25,821.75,854.5,942.8571428571429,848.7359624307377,875.9,835.5576143563935,59.0,61.9919080288362,875.9,0.9919405069741983,0.9919405069742002,937.8919080288362,813.9080919711638,975.0870528461379,776.712947153862,1018.4813884663232,733.3186115336767
103,2002-10-08,778.5,854.75,853.75,800.5,928.6785714285714,845.4188148929543,859.1166666666667,817.7749495800845,76.25,63.288098208032906,859.1166666666667,0.9808387563268258,0.9808387563268276,922.4047648746996,795.8285684586338,960.3776237995194,757.855709533814,1004.6792925451423,713.5540407881911
104,2002-10-15,767.25,884.0,801.5,883.75,919.202380952381,847.4197437911997,860.3444444444444,824.5637239279763,116.75,68.14827109821174,860.3444444444444,1.001429116469759,1.0014291164697608,928.4927155426561,792.1961733462327,969.3816782015832,751.3072106873057,1017.0854679703314,703.6034209185575
105,2002-10-22,855.5,901.75,874.5,891.5,910.3928571428571,849.720780355656,863.1611111111112,832.8620039350315,46.25,66.1575191801925,863.1611111111112,1.0032738825534993,1.003273882553501,929.3186302913036,797.0035919309187,969.0131417994191,757.3090804228032,1015.3234052255539,710.9988169966684
106,2002-10-29,866.0,909.25,890.5,881.5,902.75,851.4825791484589,865.05,837.9113513327466,43.25,64.07501743653863,865.05,1.00218833872909,1.0021883387290917,929.1250174365385,800.9749825634614,967.5700278984618,762.5299721015381,1012.4225401040388,717.6774598959611
107,2002-11-05,875.0,925.0,881.5,914.0,897.9880952380952,853.8590690955149,874.6555555555556,850.7714330120789,50.0,62.7954703968533,874.6555555555556,1.011104046651125,1.0111040466511265,937.4510259524088,811.8600851587023,975.1283081905208,774.1828029205903,1019.0851374683182,730.225973642793
108,2002-11-12,873.0,926.5,915.25,884.75,890.3690476190476,854.7167639514431,877.6055555555556,854.64796286243,53.5,61.950427633503,877.6055555555556,1.003372756259607,1.0033727562596086,939.5559831890586,815.6551279220527,976.7262397691604,778.4848713419508,1020.0915391126125,735.1195719984987
109,2002-11-19,870.25,917.5,885.0,898.0,886.7261904761905,855.9185344329337,883.7944444444445,861.5955393958106,47.25,60.61402512136636,883.7944444444445,1.0070520165348897,1.007052016534891,944.4084695658108,823.1804193230781,980.7768846386307,786.8120042502583,1023.2067022235871,744.3821866653019
110,2002-11-26,893.25,937.5,898.25,911.5,885.0,857.0810063827385,892.1111111111111,871.0867280551881,44.25,59.12638647396942,892.1111111111111,1.009410182106196,1.0094101821061976,951.2374975850805,832.9847246371417,986.7133294694622,797.50889275276,1028.1018000012407,756.1204222209815
111,2002-12-03,912.0,955.25,912.75,923.75,883.5238095238095,858.1700798714766,900.8611111111111,882.3018205590521,43.25,57.68307861269947,900.8611111111111,1.0098081952920663,1.0098081952920681,958.5441897238105,843.1780324984117,993.1540368914302,808.568185330792,1033.5321919203197,768.1900303019023
112,2002-12-10,888.75,926.25,923.25,902.0,883.4642857142857,859.2816213118147,903.7222222222222,886.4118820739398,37.5,55.84825328427224,903.7222222222222,1.0031759736055008,1.0031759736055028,959.5704755064944,847.8739689379499,993.0794274770577,814.3650169673866,1032.1732047760484,775.271239668396
113,2002-12-17,885.5,912.0,902.25,902.75,888.5357142857143,866.7710276367602,904.4777777777778,890.1887858409503,26.5,53.180230258429305,904.4777777777778,1.0008360484416303,1.0008360484416325,957.6580080362071,851.2975475193484,989.5661461912647,819.3894093642908,1026.7923073721652,782.1632481833904
114,2002-12-24,879.75,908.75,903.5,891.5,887.8690476190476,871.0317184565214,902.5611111111111,890.6700525730117,29.0,50.982027507663,902.5611111111111,0.9978809134798472,0.9978809134798494,953.5431386187742,851.5790836034481,984.1323551233719,820.9898670988504,1019.819774378736,785.3024478434862
115,2003-01-02,868.0,909.75,890.25,907.5,890.047619047619,877.3150394980273,903.8444444444444,895.1794327561588,41.75,50.14275227969363,903.8444444444444,1.0014218797126695,1.0014218797126717,953.987196724138,853.7016921647509,984.0728480919543,823.6160407969346,1019.1727746877398,788.5161142011491
116,2003-01-09,901.75,931.5,907.5,924.75,891.9166666666666,885.8615755465553,908.0,903.302921227686,29.75,48.28886570881239,908.0,1.0045976446291152,1.0045976446291176,956.2888657088124,859.7111342911876,985.2621851340998,830.7378148659002,1019.0643911302685,796.9356088697315
117,2003-01-16,910.75,937.0,925.75,916.5,890.8095238095239,893.3945352899958,910.2666666666667,908.0288591557024,26.25,46.28533246255671,910.2666666666667,1.002496328928047,1.0024963289280497,956.5519991292233,863.98133420411,984.3231986067574,836.2101347265759,1016.7229313305471,803.8104020027862
118,2003-01-23,875.5,923.5,917.0,883.0,888.2738095238095,891.0240798664123,905.1277777777777,903.6269526680733,48.0,46.44121132959701,905.1277777777777,0.9943545237048972,0.9943545237048999,951.5689891073747,858.6865664481808,979.433715905133,830.8218396504225,1011.9425638358508,798.3129917197047
119,2003-01-30,836.0,885.5,883.0,840.0,886.4761904761905,888.7271977298565,891.7222222222222,889.311439661202,49.5,46.719283026906375,891.7222222222222,0.9851893225634195,0.9851893225634223,938.4415052491286,845.0029391953158,966.4730750652724,816.971369379172,999.1765731841068,784.2678712603375
120,2003-02-06,832.0,864.0,840.5,840.5,883.1071428571429,886.5562190615126,880.0055555555556,877.6604826805121,32.0,45.3811663880967,880.0055555555556,0.9868606317363405,0.9868606317363434,925.3867219436523,834.6243891674588,952.6154217765103,807.3956893346009,984.382238248178,775.6288728629331
121,2003-02-13,805.25,849.5,839.5,819.0,880.5714285714286,885.3882199868597,865.8388888888888,862.795407808089,44.25,45.27833308008791,865.8388888888888,0.9839016167827223,0.9839016167827251,911.1172219689768,820.5605558088009,938.2842218170294,793.3935559607482,969.979054973091,761.6987228046867
122,2003-02-20,813.75,853.25,819.75,838.75,881.4285714285714,884.5818782681422,857.4666666666667,855.5864288148238,39.5,44.75303007280719,857.4666666666667,0.9903305079851911,0.990330507985194,902.2196967394739,812.7136365938595,929.0715147831582,785.8618185501751,960.3986358341232,754.5346974992102
123,2003-02-27,817.25,852.25,838.75,838.25,880.6547619047619,879.6034786272318,850.4166666666666,849.7089106796232,35.0,43.86639097527926,850.4166666666666,0.9917781060488259,0.9917781060488288,894.2830576419459,806.5502756913874,920.6028922271134,780.2304411062198,951.3093659098089,749.5239674235244
124,2003-03-06,818.25,853.0,838.25,821.75,881.6666666666666,873.3870732495704,841.25,840.9693864072277,34.75,43.03762815934478,841.25,0.98922097011269,0.9892209701126927,884.2876281593448,798.2123718406552,910.1102050549516,772.3897949450484,940.236544766493,742.263455233507
125,2003-03-13,788.5,833.75,819.75,833.25,879.2619047619048,869.0743106653208,836.2888888888889,836.847635773501,45.25,43.23875287213161,836.2888888888889,0.9941026911012052,0.9941026911012079,879.5276417610205,793.0501360167573,905.4708934842995,767.1068842934783,935.7380204947916,736.8397572829862
126,2003-03-20,823.5,880.0,833.0,875.75,878.5119047619048,870.2432681065859,841.8611111111111,844.2656996375495,56.5,44.44432079284692,841.8611111111111,1.006663035102171,1.0066630351021735,886.305431903958,797.4167903182641,912.9720243796662,770.750197842556,944.083048934659,739.6391732875632
127,2003-03-27,856.0,888.5,875.75,867.5,877.8452380952381,867.5,846.6888888888889,848.5736900893806,32.5,43.35847344804265,846.6888888888889,1.0057346487610124,1.0057346487610146,890.0473623369315,803.3304154408462,916.0624464057571,777.3153313720206,946.4133778193869,746.9643999583908
128,2003-04-03,840.0,888.75,867.5,873.25,875.9047619047619,873.25,853.0111111111111,853.748381262603,48.75,43.84861222549332,853.0111111111111,1.0074669956169129,1.007466995616915,896.8597233366044,809.1624988856178,923.1688906719004,782.8533315503217,953.8629192297457,752.1593029924765
129,2003-04-10,861.5,905.0,873.5,871.75,875.2857142857143,873.032856984423,858.2944444444445,857.7993130525454,43.5,43.81692020499393,858.2944444444445,1.0061937450339322,1.0061937450339342,902.1113646494384,814.4775242394505,928.4015167724348,788.1873721164542,959.0733609159305,757.5155279729585
130,2003-04-17,864.75,903.5,871.75,891.25,874.9642857142857,874.3558165925281,866.7833333333333,866.1095516300011,38.75,43.35629109544902,866.7833333333333,1.0098904157469917,1.0098904157469935,910.1396244287823,823.4270422378843,936.1533990860518,797.4132675806148,966.502802852866,767.0638638138006
131,2003-04-25,885.0,919.5,893.0,898.5,874.3452380952381,875.0016233321811,875.1166666666667,874.8529697535878,34.5,42.55117372313547,875.1166666666667,1.0096140904109063,1.0096140904109083,917.6678403898021,832.5654929435312,943.1985446236835,807.0347887096499,972.9843662298782,777.2489671034551
132,2003-05-02,895.25,930.25,899.0,927.5,874.5238095238095,875.627347390419,887.9222222222222,889.3137434160567,35.0,41.86470338466861,887.9222222222222,1.014632969572311,1.0146329695723129,929.7869256068908,846.0575188375536,954.905747637692,820.9386968067524,984.21104000696,791.6334044374844
133,2003-05-09,918.25,939.5,927.0,932.25,875.9642857142857,876.401287604262,899.6944444444445,902.4067344761235,21.25,39.99063944060782,899.6944444444445,1.0132581682579807,1.0132581682579822,939.6850838850523,859.7038050038366,963.6794675494169,835.709421339472,991.6729151578425,807.7159737310465
134,2003-05-16,928.25,949.75,933.25,944.25,877.9404761904761,878.1831551811202,911.4111111111112,916.1031698788005,21.5,38.309672218734384,911.4111111111112,1.0130229398869988,1.0130229398870003,949.7207833298455,873.1014388923768,972.7065866610861,850.1156355611362,999.5233572142002,823.2988650080221
135,2003-05-23,911.25,941.75,941.75,932.25,879.8809523809524,882.6292502104102,918.2611111111111,924.2661597872302,30.5,37.599702017031255,918.2611111111111,1.0075158179623782,1.0075158179623798,955.8608131281424,880.6614090940798,978.4206343383611,858.101587883861,1004.740425750283,831.7817964719392
136,2003-05-30,927.0,966.0,932.25,963.25,882.5357142857143,894.2063549645549,930.0555555555555,938.5016643450379,39.0,37.72700183366478,930.0555555555555,1.0128443253250408,1.012844325325042,967.7825573892203,892.3285537218908,990.4187584894191,869.692352621692,1016.8276597729846,843.2834513381265
137,2003-06-06,963.5,1008.5,963.75,987.75,885.5357142857143,955.1606827556832,944.6222222222223,956.0921309476619,45.0,38.3881834851498,944.6222222222223,1.0156621468251599,1.015662146825161,983.0104057073721,906.2340387370724,1006.0433157984619,883.2011286459826,1032.915044238067,856.3294002063777
138,2003-06-13,972.25,1004.5,986.25,989.75,889.0238095238095,984.8228750940261,957.0444444444445,970.7925159527347,32.25,37.83016680468164,957.0444444444445,1.013150465794674,1.0131504657946753,994.8746112491261,919.2142776397628,1017.5727113319351,896.5161775569538,1044.0538280952123,870.0350607936767
139,2003-06-20,986.5,1016.75,989.0,1001.5599975585938,894.6695236932663,1001.5599975585938,969.2064439561632,985.4795871251937,30.25,37.14106073152876,969.2064439561632,1.0127078732678696,1.0127078732678707,1006.347504687692,932.0653832246344,1028.6321411266092,909.7807467857172,1054.6308836386793,883.7820042736471
140,2003-06-27,970.0,992.75,992.25,973.25,901.0147617885044,973.25,973.2551106770833,990.1244654327578,22.75,35.832782483207964,973.2551106770833,1.0041773006629982,1.0041773006629995,1009.0878931602913,937.4223281938753,1030.5875626502161,915.9226587039506,1055.6705103884615,890.839710965705
141,2003-07-07,960.25,1005.0,974.5,1002.5,908.7290475027902,1002.5,981.4926662868924,1000.758613507506,44.75,36.64343862109815,981.4926662868924,1.0084639222742722,1.0084639222742735,1018.1361049079906,944.8492276657942,1040.1221680806493,922.8631644931353,1065.772575115418,897.2127574583666
142,2003-07-14,982.0,1014.75,1002.75,1002.75,917.4790475027902,1002.75,988.1135552300348,1009.1155938071408,32.75,36.28948965554377,988.1135552300348,1.0067457345027244,1.0067457345027255,1024.4030448855785,951.824065574491,1046.1767386789047,930.0503717811647,1071.5793814377855,904.6477290222841
143,2003-07-21,973.5,1011.0,1002.25,978.0,924.1099998837426,978.0,988.2177775065104,1009.350968457733,37.5,36.39953605049433,988.2177775065104,1.000105476011258,1.0001054760112589,1024.6173135570048,951.818241456016,1046.4570351873012,929.9785198257194,1071.9367104226474,904.4988445903734
144,2003-07-28,974.25,1000.5,977.5,994.0,931.5266665504092,988.1618555453003,990.7719997829861,1013.0129108899073,26.25,35.476850954994845,990.7719997829861,1.0025846754982697,1.0025846754982708,1026.248850737981,955.2951488279913,1047.534961310978,934.0090382549944,1072.3687569794743,909.1752425864979
145,2003-08-04,964.75,1004.0,993.75,980.25,939.0742855980283,980.25,989.2039998372396,1012.1239709879382,39.25,35.81986450454077,989.2039998372396,0.9984173957821881,0.9984173957821894,1025.0238643417804,953.3841353326989,1046.5157830445048,931.8922166299744,1071.5896881976835,906.8183114767959
146,2003-08-11,958.25,984.75,980.25,981.25,946.1219046456473,981.25,987.4582221137152,1011.1605050167376,26.5,34.972604095037056,987.4582221137152,0.9982351691624664,0.9982351691624675,1022.4308262087523,952.4856180186782,1043.4143886657746,931.502055561656,1067.8952115323004,907.02123269513
147,2003-08-18,973.25,1000.25,981.25,998.75,951.9790475027902,989.9691356528089,989.3568888346355,1014.267613553852,27.0,34.24782190457914,989.3568888346355,1.001922781823474,1.0019227818234748,1023.6047107392146,955.1090669300563,1044.153403881962,934.5603737873089,1068.1268792151675,910.5868984541034
148,2003-08-25,987.0,1012.25,998.75,993.75,957.9909522646949,991.6897324234021,990.0555555555555,1015.1611466348102,25.25,33.42983809507194,990.0555555555555,1.0007061827019197,1.0007061827019204,1023.4853936506274,956.6257174604837,1043.5432965076707,936.5678146034404,1066.944183174221,913.16692793689
149,2003-09-01,982.5,1012.5,993.75,1012.0,964.5980951218378,996.7092045321479,994.5777777777778,1020.0201708412327,30.0,33.11803463188358,994.5777777777778,1.0045676449133045,1.0045676449133054,1027.6958124096614,961.4597431458942,1047.5666331887915,941.5889223667641,1070.74925743111,918.4062981244456
150,2003-09-08,1004.5,1032.75,1008.25,1030.5,972.1576189313616,1008.0714468248348,1001.9388888888889,1028.2265583341277,28.25,32.67548602898508,1001.9388888888889,1.0074012422915364,1.007401242291537,1034.6143749178739,969.2634028599037,1054.2196665352649,949.6581112425127,1077.0925067555545,926.7852710222232
151,2003-09-15,1007.0,1034.75,1031.0,1014.5,978.0266665504092,1009.6313536886308,1005.4777777777778,1030.6096797645423,27.75,32.22771457180461,1005.4777777777778,1.0035320406545087,1.0035320406545094,1037.7054923495823,973.2500632059731,1057.0421210926652,953.9134344628903,1079.6015212929283,931.3540342626271
152,2003-09-22,1010.0,1041.75,1015.25,1021.25,983.8719046456473,1012.2472788732304,1010.1055555555556,1033.835026283198,31.75,32.184285974367825,1010.1055555555556,1.0046025659443272,1.0046025659443278,1042.2898415299235,977.9212695811877,1061.6004131145442,958.6106979965671,1084.1294132966016,936.0816978145097
153,2003-09-29,992.75,1028.5,1021.25,1004.25,987.5266665504092,1010.2120067921833,1010.3722222222223,1031.8595097072966,35.75,32.50844179487984,1010.3722222222223,1.0002639988120052,1.000263998812006,1042.8806640171022,977.8637804273424,1062.38572909403,958.3587153504145,1085.1416383504459,935.6028060939987
154,2003-10-06,987.75,1038.0,1003.75,1033.5,992.3480951218378,1016.3605026484385,1016.2611111111111,1037.1075276455244,50.25,34.12131072261804,1016.2611111111111,1.005828435065185,1.0058284350651856,1050.382421833729,982.139800388493,1070.8552082673,961.6670139549221,1094.7401257731326,937.7820964490895
155,2003-10-13,1024.25,1048.0,1033.5,1044.5,997.1219046456473,1022.2853817415428,1023.1666666666666,1043.8005010304732,23.75,33.178464293289124,1023.1666666666666,1.0067950603246103,1.006795060324611,1056.3451309599557,989.9882023733775,1076.2522095359293,970.0811237974041,1099.4771345412316,946.8561987921016
156,2003-10-20,1034.25,1055.75,1044.5,1045.25,1002.5028570265997,1032.7950927558527,1028.8166666666666,1049.130906160431,21.5,32.11678572117193,1028.8166666666666,1.0055220719986968,1.0055220719986975,1060.9334523878385,996.6998809454947,1080.2035238205417,977.4298095127915,1102.685273825362,954.9480595079712
157,2003-10-27,1016.25,1049.5,1045.25,1030.75,1005.7171427408854,1031.8591601999717,1030.5333333333333,1049.5355465293712,33.25,32.21980520106539,1030.5333333333333,1.0016685836478803,1.0016685836478807,1062.7531385343987,998.313528132268,1082.085021655038,978.9816450116286,1104.6388852957837,956.4277813708829
158,2003-11-03,1029.75,1060.5,1030.0,1054.25,1008.8838094075521,1054.25,1036.1277777777777,1055.3281728339753,30.75,32.08618654642308,1036.1277777777777,1.0054286884892396,1.00542868848924,1068.2139643242008,1004.0415912313547,1087.4656762520547,984.7898793035008,1109.926006834551,962.3295487210047
159,2003-11-10,1043.25,1064.5,1054.25,1046.25,1011.5742855980283,1049.88749877319,1039.1833333333334,1057.7468950656953,21.25,31.101078678566434,1039.1833333333334,1.0029490142249724,1.0029490142249728,1070.2844120118998,1008.082254654767,1088.9450592190396,989.4216074476271,1110.7158142940361,967.6508523726307
160,2003-11-17,1034.25,1064.25,1046.25,1043.5,1013.5714285714286,1048.990772574788,1041.338888888889,1058.6850532410895,30.0,31.000980616878575,1041.338888888889,1.00207427841307,1.0020742784130707,1072.3398695057676,1010.3379082720104,1090.9404578758947,991.7373199018832,1112.6411443077097,970.0366334700682
161,2003-11-24,1030.25,1051.5,1043.25,1049.5,1017.202380952381,1049.0622618367584,1044.05,1060.5895289344808,21.25,30.11452783352598,1044.05,1.0026034858968955,1.0026034858968964,1074.1645278335259,1013.935472166474,1092.2332445336415,995.8667554663584,1113.3134140171096,974.7865859828902
162,2003-12-01,1047.25,1070.5,1049.5,1069.0,1020.3690476190476,1052.7707591336866,1050.0333333333333,1066.6643201221104,23.25,29.49047984865998,1050.0333333333333,1.0057308877288764,1.005730887728877,1079.5238131819933,1020.5428534846733,1097.2181010911893,1002.8485655754773,1117.8614369852512,982.2052296814154
163,2003-12-08,1057.75,1074.25,1069.0,1069.0,1023.5238095238095,1069.0,1054.5777777777778,1071.337406933451,16.5,28.309527135145437,1054.5777777777778,1.0043279049342348,1.0043279049342355,1082.8873049129231,1026.2682506426324,1099.8730211940106,1009.2825343615451,1119.6896901886123,989.4658653669433
164,2003-12-15,1053.0,1090.25,1069.25,1068.75,1027.845238095238,1068.7958310886702,1058.2833333333333,1074.7846053824674,37.25,29.12229739558676,1058.2833333333333,1.0035137811867836,1.0035137811867842,1087.40563072892,1029.1610359377466,1104.8790091662722,1011.6876575003945,1125.2646173431829,991.3020493234837
165,2003-12-22,1067.25,1093.0,1069.0,1092.75,1032.547619047619,1079.8677786966218,1066.25,1083.250748174975,25.75,28.81572490507887,1066.25,1.0075279147046317,1.0075279147046325,1095.065724905079,1037.434275094921,1112.3551598481263,1020.1448401518738,1132.5261672816814,999.9738327183186
166,2003-12-30,1089.5,1109.25,1092.5,1107.75,1038.6190476190477,1092.4641703383995,1076.161111111111,1093.618463196367,19.75,27.991568095526247,1076.161111111111,1.0092952976423082,1.0092952976423089,1104.1526792066372,1048.1695430155848,1120.947620063953,1031.374602158269,1140.5417177308213,1011.7805044914007
167,2004-01-07,1103.5,1126.75,1107.75,1125.5,1045.4880952380952,1122.7301267945547,1087.911111111111,1106.2172485569909,23.25,27.560516450478406,1087.911111111111,1.0109184395149424,1.010918439514943,1115.4716275615895,1060.3505946606326,1132.0079374318766,1043.8142847903455,1151.3002989472113,1024.5219232750107
168,2004-01-14,1113.75,1132.5,1125.5,1131.25,1051.797619047619,1127.6988945779644,1099.2277777777779,1117.6425104798707,18.75,26.75956040952582,1099.2277777777779,1.0104021978919848,1.0104021978919855,1125.9873381873037,1072.468217368252,1142.0430744330192,1056.4124811225365,1160.7747667196872,1037.6807888358685
169,2004-01-21,1123.0,1148.75,1129.75,1146.0,1059.047619047619,1138.9655005765096,1111.6055555555556,1130.302296231582,25.75,26.667782190478018,1111.6055555555556,1.0112604303020807,1.0112604303020813,1138.2733377460336,1084.9377733650776,1154.2740070603204,1068.9371040507908,1172.941454593655,1050.2696565174563
170,2004-01-28,1124.75,1155.0,1146.0,1129.25,1064.6309523809523,1131.1587897041668,1118.3555555555556,1136.116490210661,30.25,26.993438354980015,1118.3555555555556,1.0060722978274668,1.0060722978274677,1145.3489939105357,1091.3621172005755,1161.5450569235236,1075.1660541875876,1180.4404637720097,1056.2706473391015
171,2004-02-04,1120.75,1142.25,1128.5,1124.0,1069.0833333333333,1124.0,1122.2833333333333,1139.1166737937579,21.5,26.49403486816365,1122.2833333333333,1.0035121011008226,1.0035121011008235,1148.777368201497,1095.7892984651696,1164.6737891223952,1079.8928775442714,1183.2196135301097,1061.347053136557
172,2004-02-11,1122.5,1158.75,1123.75,1155.25,1075.7857142857142,1154.908803589437,1131.2388888888888,1148.876149687731,36.25,27.38094078923968,1131.2388888888888,1.0079797634782264,1.007979763478227,1158.6198296781286,1103.857948099649,1175.0483941516723,1087.4293836261054,1194.2150527041401,1068.2627250736375
173,2004-02-18,1142.0,1158.75,1155.25,1151.25,1081.9761904761904,1151.298385901059,1137.4777777777779,1155.4531474496666,16.75,26.414491626581526,1137.4777777777779,1.0055150940709057,1.0055150940709063,1163.8922694043595,1111.0632861511963,1179.7409643803082,1095.2145911752475,1198.2311085189153,1076.7244470366404
174,2004-02-25,1133.25,1158.5,1151.25,1143.0,1088.5833333333333,1143.0,1140.2333333333333,1158.3326859935883,25.25,26.30862875143775,1140.2333333333333,1.0024225137487424,1.0024225137487432,1166.541962084771,1113.9247045818956,1182.3271393356338,1098.139527331033,1200.7431794616402,1079.7234872050265
175,2004-03-03,1137.75,1157.5,1143.25,1150.75,1094.1666666666667,1150.75,1143.4222222222222,1162.1424970533549,19.75,25.71238977403432,1143.4222222222222,1.0027966985314896,1.0027966985314904,1169.1346119962566,1117.7098324481879,1184.5620458606772,1102.2823985837672,1202.5607187025012,1084.2837257419433
176,2004-03-10,1119.5,1163.75,1150.5,1120.25,1097.7738095238096,1120.25,1139.5555555555557,1157.2222369819447,44.25,27.39762706730393,1139.5555555555557,0.9966183387103045,0.9966183387103054,1166.9531826228597,1112.1579284882516,1183.3917588632419,1095.7193522478694,1202.5700978103546,1076.5410133007567
177,2004-03-17,1102.25,1126.5,1120.25,1123.75,1101.5119047619048,1122.8307703918545,1136.5055555555555,1153.5746931104609,24.25,27.11147915209448,1136.5055555555555,0.9973235179407175,0.9973235179407185,1163.61703470765,1109.394076403461,1179.8839221989067,1093.1271889122042,1198.8619576053727,1074.1491535057382
178,2004-03-24,1084.75,1128.0,1123.75,1091.5,1104.404761904762,1118.6728997939374,1127.1722222222222,1142.1369275544994,43.25,28.57861741099498,1127.1722222222222,0.9917876922926515,0.9917876922926526,1155.7508396332173,1098.5936048112271,1172.8980100798142,1081.4464343646302,1192.9030422675107,1061.4414021769337
179,2004-03-31,1090.0,1129.75,1091.75,1125.0,1107.7738095238096,1119.1261442257455,1125.75,1140.6745285781512,39.75,29.59419764635907,1125.75,0.9987382387587423,0.9987382387587435,1155.3441976463591,1096.1558023536409,1173.1007162341746,1078.3992837658254,1193.8166545866259,1057.6833454133741
180,2004-04-07,1123.5,1149.5,1126.75,1142.25,1112.345238095238,1120.5919395990109,1127.8722222222223,1143.4681597738968,26.0,29.267452405780972,1127.8722222222223,1.0018851629777679,1.0018851629777688,1157.1396746280031,1098.6047698164414,1174.7001460714719,1081.0442983729727,1195.1873627555185,1060.557081688926
181,2004-04-15,1119.0,1154.5,1142.25,1125.0,1116.2261904761904,1120.7641201565627,1126.138888888889,1141.2155543825022,35.5,29.834047641619065,1126.138888888889,0.9984631828861622,0.9984631828861632,1155.972936530508,1096.30484124727,1173.8733651154794,1078.4044126622985,1194.7571984646127,1057.5205793131652
182,2004-04-22,1113.25,1142.0,1124.5,1136.75,1120.3809523809523,1121.2540214860132,1127.4277777777777,1142.0220240505985,28.75,29.735497856017332,1127.4277777777777,1.0011445203621026,1.0011445203621037,1157.163275633795,1097.6922799217605,1175.0045743474054,1079.85098120815,1195.8194228466175,1059.0361327089379
183,2004-04-29,1106.5,1146.25,1140.0,1114.0,1122.5238095238096,1121.0266053375653,1124.4888888888888,1136.7981046896257,39.75,30.645907141833938,1124.4888888888888,0.9973932796877849,0.997393279687786,1155.1347960307228,1093.8429817470549,1173.5223403158232,1075.4554374619545,1194.974475315107,1054.0033024626707
184,2004-05-06,1103.75,1127.5,1113.25,1113.0,1124.6190476190477,1120.9170133622367,1121.9944444444445,1132.0270437481634,23.75,30.019006492576306,1121.9944444444445,0.9977817082328763,0.9977817082328773,1152.013450937021,1091.9754379518681,1170.0248548325667,1073.9640340563224,1191.03815937737,1052.950729511519
185,2004-05-13,1075.25,1117.0,1113.0,1093.75,1125.8095238095239,1119.3775159731094,1116.4888888888888,1123.1312526447775,41.75,31.085460447796642,1116.4888888888888,0.9950930634435701,0.995093063443571,1147.5743493366854,1085.4034284410923,1166.2256256053633,1066.7521521724143,1187.9854479188211,1044.9923298589565
186,2004-05-20,1078.25,1105.75,1093.5,1090.5,1125.702380952381,1115.23236628938,1110.9222222222222,1114.8522220403204,27.5,30.759509497996945,1110.9222222222222,0.9950141316030413,0.9950141316030422,1141.6817317202192,1080.1627127242252,1160.1374374190173,1061.7070070254272,1181.669094067615,1040.1753503768293
187,2004-05-27,1088.75,1124.5,1090.0,1122.75,1126.4166666666667,1116.3114659261698,1112.5444444444445,1115.9637311805018,35.75,31.213190452724493,1112.5444444444445,1.0014602482422013,1.0014602482422021,1143.757634897169,1081.33125399172,1162.4855491688036,1062.6033397200854,1184.3347824857108,1040.7541064031782
188,2004-06-03,1112.5,1128.5,1122.25,1115.0,1125.9166666666667,1116.2832982988539,1111.9222222222222,1114.913421390097,16.0,29.830173138840447,1111.9222222222222,0.9994407214693045,0.9994407214693055,1141.7523953610626,1082.0920490833819,1159.650499244367,1064.1939452000775,1180.5316204415553,1043.312824002889
189,2004-06-10,1115.5,1143.0,1116.0,1136.5,1126.1666666666667,1116.717512034577,1115.8222222222223,1119.3569713905545,27.5,29.618339217127676,1115.8222222222223,1.0035074395691146,1.0035074395691153,1145.44056143935,1086.2038830050947,1163.2115649696266,1068.432879474818,1183.944402421616,1047.7000420228287
190,2004-06-17,1122.0,1138.0,1136.25,1131.75,1125.4880952380952,1117.1638303653212,1118.9,1121.8102904735783,16.0,28.380308379206976,1118.9,1.0027583047877002,1.0027583047877007,1147.280308379207,1090.519691620793,1164.3084934067313,1073.491506593269,1184.1747092721762,1053.625290727824
191,2004-06-24,1123.75,1146.25,1131.5,1141.25,1126.0595238095239,1117.7118843415046,1123.7277777777779,1126.1517808235071,22.5,27.84573489018816,1123.7277777777779,1.0043147535774222,1.0043147535774224,1151.573512667966,1095.8820428875897,1168.2809536020789,1079.174601953477,1187.7729680252107,1059.682587530345
192,2004-07-01,1122.25,1146.0,1141.5,1126.25,1126.1666666666667,1117.8729933741115,1125.4555555555555,1125.9505838731136,23.75,27.473395354716512,1125.4555555555555,1.001537541219453,1.0015375412194532,1152.928950910272,1097.982160200839,1169.412988123102,1081.498122988009,1188.6443648714035,1062.2667462397076
193,2004-07-08,1108.0,1129.5,1126.5,1110.75,1124.047619047619,1117.7418725003542,1123.8111111111111,1121.8676057312696,21.5,26.930359413378646,1123.8111111111111,0.9985388632751183,0.9985388632751186,1150.7414705244898,1096.8807516977324,1166.899686172517,1080.7225360497052,1185.750937761882,1061.8712844603403
194,2004-07-15,1103.0,1119.75,1110.75,1103.5,1121.7738095238096,1117.4797064883833,1120.7666666666667,1116.6455769189804,16.75,26.00487219398059,1120.7666666666667,0.997290964278299,0.9972909642782993,1146.7715388606473,1094.761794472686,1162.3744621770356,1079.1588711562977,1180.577872712822,1060.9554606205113
195,2004-07-22,1083.0,1116.0,1105.0,1093.75,1119.4285714285713,1117.2082022457216,1115.5555555555557,1109.8889400251473,33.0,26.640792903618717,1115.5555555555557,0.9953504049807177,0.995350404980718,1142.1963484591743,1088.914762651937,1158.1808242013456,1072.9302869097658,1176.8293792338786,1054.2817318772327
196,2004-07-29,1077.0,1103.75,1092.0,1100.25,1117.0238095238096,1116.9830517605326,1111.5722222222223,1105.9386207574512,26.75,26.650720821471563,1111.5722222222223,0.9964292828685258,0.9964292828685263,1138.222943043694,1084.9215014007507,1154.213375536577,1068.9310689078677,1172.8688801116068,1050.2755643328378
197,2004-08-05,1077.25,1108.25,1100.25,1078.5,1115.0357142857142,1116.1933450740019,1103.7388888888888,1097.3104944597214,31.0,27.046109837701422,1103.7388888888888,0.9929529245363173,0.9929529245363177,1130.7849987265902,1076.6927790511875,1147.012664629211,1060.4651131485666,1165.944941515602,1041.5328362621756
198,2004-08-12,1060.0,1083.0,1078.75,1063.75,1112.1785714285713,1114.2768563409343,1093.7666666666667,1086.5889079158035,23.0,26.678281670637656,1093.7666666666667,0.990965053127501,0.9909650531275014,1120.4449483373044,1067.088384996029,1136.4519173396868,1051.0814159936465,1155.1267145091333,1032.4066188242
199,2004-08-19,1060.0,1096.0,1064.5,1091.25,1112.1666666666667,1113.4353632845114,1090.911111111111,1084.6904394031494,36.0,27.525710609670597,1090.911111111111,0.9973892461321224,0.9973892461321229,1118.4368217207816,1063.3854005014405,1134.952248086584,1046.8699741356381,1154.2202455133533,1027.6019767088687
200,2004-08-26,1087.25,1106.75,1091.25,1104.5,1111.1904761904761,1113.0351351740278,1091.6055555555556,1086.5667868794483,19.5,26.796100554245996,1091.6055555555556,1.0006365728952356,1.0006365728952362,1118.4016561098017,1064.8094550013095,1134.4793164423493,1048.731794668762,1153.2365868303214,1029.9745242807899
201,2004-09-02,1094.25,1120.25,1104.0,1119.5,1110.107142857143,1113.55669309921,1096.1166666666666,1091.992783061225,26.0,26.723727776587268,1096.1166666666666,1.0041325468601294,1.00413254686013,1122.840394443254,1069.3929388900792,1138.8746311092061,1053.358702224127,1157.5812405528172,1034.6520927805159
202,2004-09-09,1112.75,1124.5,1116.25,1117.5,1109.75,1114.0350145398331,1100.3777777777777,1096.1016868430663,11.75,25.362479796897514,1100.3777777777777,1.00388746129011,1.0038874612901107,1125.7402575746753,1075.0152979808802,1140.9577454528137,1059.7978101027418,1158.711481310642,1042.0440742449134
203,2004-09-16,1113.75,1130.25,1118.0,1124.0,1109.142857142857,1114.9534687518678,1105.7888888888888,1101.208659675655,16.5,24.556799815361376,1105.7888888888888,1.0049175030797504,1.0049175030797508,1130.34568870425,1081.2320890735275,1145.079768593467,1066.4980091843106,1162.26952846422,1049.3082493135576
204,2004-09-23,1107.0,1132.5,1124.0,1107.25,1108.8214285714287,1114.2434543368229,1107.3944444444444,1101.3331337923855,25.5,24.64254528669216,1107.3944444444444,1.0014519548637977,1.001451954863798,1132.0369897311366,1082.7518991577522,1146.8225169031518,1067.966371985737,1164.0722986038363,1050.7165902850525
205,2004-09-30,1101.25,1117.0,1107.25,1115.0,1108.9166666666667,1114.3131837462354,1110.25,1103.418396398572,15.75,23.834132078811056,1110.25,1.0025786255023053,1.0025786255023053,1134.084132078811,1086.415867921189,1148.3846113260977,1072.1153886739023,1165.0685037812655,1055.4314962187345
206,2004-10-07,1111.75,1143.75,1115.0,1131.5,1110.7142857142858,1115.5476631321337,1116.0777777777778,1109.2934613770647,32.0,24.576483708010052,1116.0777777777778,1.0052490680277215,1.0052490680277217,1140.6542614857879,1091.5012940697677,1155.400151710594,1076.7554038449616,1172.6036903062009,1059.5518652493547
207,2004-10-14,1102.0,1136.0,1131.5,1103.0,1111.3095238095239,1115.1525807116248,1115.0277777777778,1107.0891738838936,34.0,25.433167007281863,1115.0277777777778,0.9990592053520763,0.9990592053520764,1140.4609447850596,1089.594610770496,1155.7208449894288,1074.334710566127,1173.524061894526,1056.5314936610296
208,2004-10-21,1093.75,1118.5,1103.0,1107.75,1110.595238095238,1114.691453810248,1114.0555555555557,1106.4680128332784,24.75,25.371060915710785,1114.0555555555557,0.9991280735407688,0.9991280735407689,1139.4266164712665,1088.6844946398448,1154.6492530206929,1073.4618580904184,1172.4089956616904,1055.702115449421
209,2004-10-28,1088.0,1131.25,1106.25,1127.5,1111.1904761904761,1116.29441200271,1116.6666666666667,1110.8926176957893,43.25,26.996419014282534,1116.6666666666667,1.002343788959258,1.0023437889592581,1143.6630856809493,1089.6702476523842,1159.8609370895188,1073.4723962438147,1178.7584303995166,1054.574902933817
210,2004-11-04,1124.5,1162.0,1127.75,1160.5,1112.3333333333333,1121.1395335791344,1125.3666666666666,1122.7726775161327,37.5,27.95129001298412,1125.3666666666666,1.0077910447761191,1.0077910447761196,1153.3179566796507,1097.4153766536824,1170.088730687441,1080.644602645892,1189.65463369653,1061.078699636803
211,2004-11-11,1158.25,1176.0,1160.5,1173.75,1114.3333333333333,1135.8772188747764,1135.8055555555557,1135.8628428298123,17.75,27.023900011803743,1135.8055555555557,1.0092759890603558,1.0092759890603562,1162.8294555673594,1108.7816555437519,1179.0437955744417,1092.5673155366696,1197.9605255827043,1073.650585528407
212,2004-11-18,1171.75,1189.75,1173.25,1185.0,1116.4166666666667,1156.9422015365885,1147.2444444444445,1149.3969957649035,18.0,26.20354546527613,1147.2444444444445,1.0100711682848689,1.0100711682848693,1173.4479899097207,1121.0408989791683,1189.1701171888863,1105.3187717000028,1207.5125990145796,1086.9762898743095
213,2004-11-25,1166.5,1186.5,1185.0,1186.25,1119.2738095238096,1167.1977235801285,1157.5777777777778,1160.7514205859188,20.0,25.639586786614665,1157.5777777777778,1.0090070894510517,1.009007089451052,1183.2173645643925,1131.938190991163,1198.6011166363612,1116.5544389191944,1216.5488273869914,1098.6067281685641
214,2004-12-03,1172.25,1198.5,1180.5,1189.25,1123.0119047619048,1175.0959217475988,1166.7555555555555,1170.687200250945,26.25,25.69507889692242,1166.7555555555555,1.007928432934672,1.0079284329346725,1192.450634452478,1141.060476658633,1207.8676817906314,1125.6434293204795,1225.854237018477,1107.6568740926339
215,2004-12-10,1173.5,1193.5,1189.25,1189.75,1127.1190476190477,1180.364252344451,1174.3833333333334,1178.787824749763,20.0,25.177344451747658,1174.3833333333334,1.0065375971354564,1.006537597135457,1199.560677785081,1149.2059888815859,1214.6670844561297,1134.0995822105372,1232.2912255723531,1116.4754410943137
216,2004-12-17,1189.5,1208.25,1189.5,1190.449951171875,1131.7238071986608,1182.9881021772305,1180.8566569010416,1185.3906066401264,18.75,24.593040410679688,1180.8566569010416,1.005512104424485,1.0055121044244855,1205.4496973117211,1156.263616490362,1220.205521558129,1141.507792243954,1237.4206498456049,1124.2926639564782
217,2004-12-27,1195.25,1217.0,1197.5,1208.5,1136.8785691034227,1192.2962749400438,1188.9966579861111,1195.0490694571818,21.75,24.334582191526987,1188.9966579861111,1.006893301602272,1.0068933016022723,1213.3312401776382,1164.662075794584,1227.9319894925543,1150.061326479668,1244.9661970266231,1133.027118945599
218,2005-01-03,1201.75,1221.25,1208.5,1206.25,1142.961902436756,1203.4650406780677,1194.4477701822916,1202.160541181327,19.5,23.895074719569987,1194.4477701822916,1.004584632058944,1.004584632058944,1218.3428449018616,1170.5526954627217,1232.6798897336037,1156.2156506309796,1249.4064420373027,1139.4890983272805
219,2005-01-10,1182.75,1209.5,1206.25,1191.75,1149.057140531994,1191.75,1195.2488823784722,1204.097063799725,26.75,24.15461338142726,1195.2488823784722,1.000670696715402,1.000670696715402,1219.4034957598994,1171.094268997045,1233.8962637887557,1156.6015009681887,1250.804493155755,1139.6932716011895
220,2005-01-18,1176.25,1197.75,1191.25,1195.75,1154.0333310081846,1195.75,1196.1555501302084,1206.3541511322417,21.5,23.913284892206597,1196.1555501302084,1.0007585597988027,1.0007585597988025,1220.068835022415,1172.242265238002,1234.416805957739,1157.894294302678,1251.1561053822836,1141.1549948781333
221,2005-01-25,1164.25,1197.25,1196.0,1169.75,1157.1404738653273,1175.4396149935558,1191.3733289930556,1201.424154204672,33.0,24.739349902005998,1191.3733289930556,0.996002007316998,0.9960020073169977,1216.1126788950617,1166.6339790910495,1230.9562888362652,1151.790369149846,1248.2738337676694,1134.4728242184417
222,2005-02-01,1166.25,1191.0,1169.75,1189.25,1160.461902436756,1181.0770657582584,1190.8299967447917,1201.8950374423619,24.75,24.740318092732725,1190.8299967447917,0.9995439445931503,0.99954394459315,1215.5703148375244,1166.089678652059,1230.414505693164,1151.2454877964194,1247.732728358077,1133.9272651315064
223,2005-02-08,1185.75,1206.25,1189.75,1202.25,1164.4976167224702,1189.14896010875,1192.8199978298612,1205.2409302559215,20.5,24.354834629757022,1192.8199978298612,1.0016711042638407,1.0016711042638402,1217.1748324596183,1168.4651632001041,1231.7877332374724,1153.85226242225,1248.8361174783024,1136.80387818142
224,2005-02-15,1191.75,1213.5,1201.75,1210.75,1168.6285691034227,1196.3113494809636,1196.2211100260417,1209.850381271804,21.75,24.118031481597292,1196.2211100260417,1.002851320570051,1.0028513205700507,1220.339141507639,1172.1030785444445,1234.8099603965975,1157.632259655486,1251.6925824337154,1140.749637618368
225,2005-02-23,1183.5,1213.5,1210.5,1192.75,1172.6999976748511,1195.1608265055647,1195.5555555555557,1208.910294222978,30.0,24.652755892361174,1195.5555555555557,0.9994436191897068,0.9994436191897065,1220.208311447917,1170.9027996631944,1234.9999649833335,1156.1111461277778,1252.2568941079865,1138.8542170031249
226,2005-03-02,1188.0,1217.0,1192.75,1209.5,1177.1999976748511,1199.6282427655274,1198.1888888888889,1212.0330879739554,29.0,25.047959902146523,1198.1888888888889,1.002202602230483,1.0022026022304829,1223.2368487910353,1173.1409289867424,1238.2656247323232,1158.1121530454545,1255.7991966638258,1140.578581113952
227,2005-03-09,1204.5,1229.75,1209.75,1207.0,1180.7952357700892,1200.513759325044,1200.3,1213.7366789472908,25.25,25.066327183769566,1200.3,1.0017619184509954,1.0017619184509952,1225.3663271837695,1175.2336728162304,1240.4061234940314,1160.1938765059685,1257.95255252267,1142.64744747733
228,2005-03-16,1185.5,1214.0,1206.75,1187.75,1184.8309500558037,1199.5033469009277,1198.5444444444445,1210.105558592109,28.5,25.37847925797233,1198.5444444444445,0.9985374026863655,0.9985374026863654,1223.9229237024167,1173.1659651864722,1239.1500112572003,1157.9388776316887,1256.9149467377808,1140.1739421511081
229,2005-03-23,1168.75,1193.75,1188.5,1174.5,1188.009521484375,1198.9403754219177,1194.2277777777779,1203.5779302316719,25.0,25.344072052702117,1194.2277777777779,0.9963984091815072,0.9963984091815071,1219.57184983048,1168.8837057250757,1234.7782930621013,1153.6772624934545,1252.5191434989927,1135.936412056563
230,2005-03-31,1166.75,1188.25,1174.75,1184.0,1190.6999976748511,1198.6862160587607,1192.2833333333333,1200.353285001102,21.5,24.99461095700192,1192.2833333333333,0.998371797674927,0.9983717976749269,1217.2779442903352,1167.2887223763314,1232.2747108645365,1152.2919558021301,1249.7709385344376,1134.795728132229
231,2005-04-07,1170.75,1195.75,1183.25,1195.25,1192.354759579613,1198.6237702321291,1192.2722222222221,1200.3294991596308,25.0,24.995100870001746,1192.2722222222221,0.9999906808131922,0.9999906808131921,1217.267323092224,1167.2771213522203,1232.264383614225,1152.2800608302193,1249.7609542232262,1134.783490221218
232,2005-04-14,1160.0,1195.5,1195.25,1160.5,1191.7238071986608,1197.7653813373117,1185.1777777777777,1191.5298059159545,35.5,25.950091700001586,1185.1777777777777,0.9940496437707645,0.9940496437707644,1211.1278694777793,1159.227686077776,1226.6979244977801,1143.6576310577752,1244.8629886877814,1125.492566867774
233,2005-04-21,1135.75,1164.0,1160.25,1161.5,1190.604759579613,1196.948835638481,1179.2111111111112,1184.3994239309322,28.25,26.159174272728713,1179.2111111111112,0.9949655935349597,0.9949655935349596,1205.37028538384,1153.0519368383825,1221.0657899474772,1137.3564322747452,1239.3772119383873,1119.0450102838352
234,2005-04-28,1142.5,1166.25,1161.0,1143.0,1188.5452357700892,1194.4288968993637,1170.638888888889,1173.846016908399,23.75,25.940158429753374,1170.638888888889,0.9927305449029011,0.9927305449029011,1196.5790473186423,1144.6987304591355,1212.1431423764943,1129.1346354012835,1230.3012532773216,1110.9765245004562
235,2005-05-05,1140.25,1180.0,1144.0,1175.0,1187.866664341518,1193.521377221217,1169.5722222222223,1173.0711858183026,39.75,27.195598572503066,1169.5722222222223,0.9990888166480792,0.9990888166480791,1196.7678207947254,1142.3766236497192,1213.0851799382272,1126.0592645062175,1232.1220989389794,1107.0223455054652
236,2005-05-12,1158.0,1182.25,1174.5,1159.25,1186.414283389137,1191.6500148031287,1166.1222222222223,1168.533225132184,24.25,26.927816884093694,1166.1222222222223,0.9970502035407057,0.9970502035407055,1193.050039106316,1139.1944053381285,1209.2067292367722,1123.0377152076724,1228.0562010556378,1104.1882433888068
237,2005-05-19,1146.75,1192.75,1160.25,1191.25,1186.452380952381,1191.6020032932502,1170.1333333333334,1172.7745762133932,46.0,28.66165171281245,1170.1333333333334,1.00343970043163,1.0034397004316298,1198.794985046146,1141.471681620521,1215.9919760738333,1124.2746905928336,1236.055132272802,1104.211534393865
238,2005-05-26,1186.0,1200.25,1191.5,1198.0,1185.952380952381,1192.2352108693321,1175.4166666666667,1177.9930537455798,14.25,27.351501557102228,1175.4166666666667,1.0045151549680948,1.0045151549680946,1202.768168223769,1148.0651651095645,1219.1790691580304,1131.654264175303,1238.325120248002,1112.5082130853316
239,2005-06-03,1191.5,1207.0,1198.0,1198.5,1185.5833333333333,1192.8342239451235,1180.2777777777778,1182.4420801834572,15.5,26.27409232463839,1180.2777777777778,1.0041356492969395,1.0041356492969395,1206.5518701024162,1154.0036854531395,1222.3163254971992,1138.2392300583565,1240.7081901244462,1119.8473654311094
240,2005-06-10,1191.25,1209.75,1198.25,1199.0,1185.9285714285713,1193.4038931241134,1184.9166666666667,1186.2330953560859,18.5,25.567356658762172,1184.9166666666667,1.0039303365497765,1.0039303365497765,1210.484023325429,1159.3493100079045,1225.8244373206862,1144.0088960126473,1243.7215869818197,1126.1117463515138
241,2005-06-17,1194.75,1217.5,1199.0,1222.6800537109375,1187.2109549386162,1195.8349807016884,1194.2082329644097,1195.2272149224448,22.75,25.31123332614743,1194.2082329644097,1.007841535661644,1.007841535661644,1219.5194662905571,1168.8969996382623,1234.7062062862456,1153.7102596425739,1252.424069614549,1135.9923963142705
242,2005-06-24,1193.25,1225.0,1220.5,1195.75,1188.4490501767114,1195.8316692760486,1196.7320095486111,1195.9071914631645,31.75,25.89657575104312,1196.7320095486111,1.0021133471655412,1.0021133471655412,1222.6285852996543,1170.835433797568,1238.1665307502801,1155.2974883469421,1256.2941337760103,1137.169885321212
243,2005-07-01,1192.5,1208.75,1195.5,1200.0,1188.9609549386162,1195.9940957677122,1199.3446750217013,1197.4514705015408,16.25,25.019614319130106,1199.3446750217013,1.0021831667008518,1.0021831667008518,1224.3642893408314,1174.3250607025711,1239.3760579323095,1159.313292111093,1256.8897879557005,1141.799562087702
244,2005-07-11,1170.75,1224.75,1200.0,1223.5,1189.9728597005208,1197.094359044362,1205.390673828125,1204.4972359241103,54.0,27.654194835572824,1205.390673828125,1.0050410852962801,1.0050410852962801,1233.0448686636978,1177.7364789925523,1249.6373855650415,1161.1439620912086,1268.9953219499425,1141.7860257063076
245,2005-07-18,1219.75,1237.5,1223.25,1226.5,1190.7228597005208,1198.3843160600327,1210.958894856771,1210.9758115793195,17.75,26.753813486884383,1210.958894856771,1.0046194326449882,1.0046194326449882,1237.7127083436553,1184.2050813698866,1253.7649964357859,1168.152793277756,1272.492665876605,1149.4251238369368
246,2005-07-25,1225.5,1246.0,1226.5,1234.0,1192.6871454148065,1210.7313646211933,1216.5326714409723,1218.0779774492844,20.5,26.18528498807671,1216.5326714409723,1.0046027793411276,1.0046027793411278,1242.717956429049,1190.3473864528955,1258.4291274218951,1174.6362154600495,1276.7588269135488,1156.3065159683958
247,2005-08-01,1231.5,1248.75,1234.0,1237.5,1194.0204787481398,1237.5,1221.8564480251737,1224.6751433908191,17.25,25.372986352797007,1221.8564480251737,1.0043761887446025,1.004376188744603,1247.2294343779706,1196.4834616723767,1262.4532261896488,1181.2596698606985,1280.2143166366068,1163.4985794137406
248,2005-08-08,1224.25,1248.5,1237.25,1227.25,1194.9847644624256,1228.731901372322,1224.2524468315971,1227.4109740835154,24.25,25.270896684360913,1224.2524468315971,1.0019609495127648,1.001960949512765,1249.523343515958,1198.9815501472362,1264.6858815265746,1183.8190121366197,1282.3755092056272,1166.129384457567
249,2005-08-15,1225.5,1245.25,1226.75,1237.5,1197.3538120814733,1235.980107033448,1228.0595567491318,1232.041202241229,19.75,24.76899698578265,1228.0595567491318,1.0031097425432047,1.003109742543205,1252.8285537349145,1203.2905597633492,1267.689951926384,1188.4291615718796,1285.028249816432,1171.0908636818317
250,2005-08-22,1216.75,1239.0,1237.25,1224.0,1199.7109549386162,1226.4080453824004,1228.3111111111111,1232.3234358005716,22.25,24.53999725980241,1228.3111111111111,1.0002048388944957,1.000204838894496,1252.8511083709136,1203.7711138513087,1267.575106726795,1189.0471154954273,1284.7531048086566,1171.8691174135656
251,2005-08-29,1194.0,1225.75,1223.25,1214.5,1201.1633358909971,1224.1529021374774,1226.6333333333334,1230.0064452619363,31.75,25.195452054365827,1226.6333333333334,0.9986340775047944,0.9986340775047946,1251.8287853876993,1201.4378812789676,1266.9460566203188,1186.320610046348,1284.5828730583748,1168.683793608292
252,2005-09-06,1201.5,1235.0,1214.5,1234.25,1203.0204787481398,1226.5751123771463,1228.4888888888888,1232.8317132986456,33.5,25.95041095851439,1228.4888888888888,1.0015127222660034,1.0015127222660036,1254.4392998474032,1202.5384779303745,1270.009546422512,1186.9682313552657,1288.1748340934719,1168.8029436843058
253,2005-09-13,1229.5,1244.5,1234.25,1232.5,1206.4490501767114,1229.990260965354,1229.2333333333333,1234.5689599624468,15.0,24.9549190531949,1229.2333333333333,1.0006059838645491,1.0006059838645491,1254.1882523865283,1204.2784142801383,1269.1612038184453,1189.3054628482214,1286.6296471556816,1171.837019510985
254,2005-09-20,1224.75,1243.0,1232.5,1227.5,1209.5919073195685,1228.781142726577,1228.7777777777778,1234.5977581067398,18.25,24.34538095744991,1228.7777777777778,0.9996293986314867,0.9996293986314866,1253.1231587352277,1204.432396820328,1267.7303873096978,1189.8251682458579,1284.7721539799127,1172.783401575643
255,2005-09-27,1210.75,1229.5,1227.5,1221.75,1213.3419073195685,1226.053322564454,1227.15,1233.0340025169394,18.75,23.836709961318096,1227.15,0.9986752870964826,0.9986752870964825,1250.9867099613182,1203.313290038682,1265.288735938109,1189.011264061891,1281.9744329110317,1172.3255670889685
256,2005-10-04,1216.25,1239.0,1221.75,1216.75,1215.3300025576636,1225.1523685229722,1224.7944444444445,1230.3542729877645,22.75,23.737918146652817,1224.7944444444445,0.9980804664828622,0.998080466482862,1248.5323625910974,1201.0565262977916,1262.775113479089,1186.8137754098,1279.391656181746,1170.197232707143
257,2005-10-11,1185.75,1218.5,1216.75,1188.5,1216.7228597005208,1224.538794926361,1217.25,1220.9899028897726,32.75,24.557198315138923,1217.25,0.9938402362301156,0.9938402362301153,1241.807198315139,1192.692801684861,1256.5415173042222,1177.9584826957778,1273.7315561248195,1160.7684438751805
258,2005-10-18,1171.75,1196.75,1189.25,1181.5,1216.2585739862352,1223.471400577725,1209.1666666666667,1211.4235530784058,25.0,24.597453013762657,1209.1666666666667,0.9933593482576847,0.9933593482576842,1233.7641196804293,1184.5692136529042,1248.5225914886869,1169.8107418446466,1265.7408085983209,1152.5925247350126
259,2005-10-25,1173.75,1204.75,1182.25,1199.0,1216.3061930338542,1222.7118112861622,1205.8277777777778,1207.8355305231075,31.0,25.179502739784233,1205.8277777777778,0.9972386859637031,0.9972386859637027,1231.007280517562,1180.6482750379935,1246.1149821614326,1165.540573394123,1263.7406340792816,1147.914921476274
260,2005-11-01,1179.5,1214.5,1198.75,1206.25,1216.6752406529017,1222.2008386700677,1204.4944444444445,1206.6746082117468,35.0,26.072275217985666,1204.4944444444445,0.9988942589000641,0.9988942589000637,1230.5667196624302,1178.422169226459,1246.2100847932215,1162.7788040956675,1264.4606774458116,1144.5282114430775
261,2005-11-08,1202.5,1227.75,1206.25,1222.75,1217.8061930338542,1222.2178845708218,1206.6444444444444,1209.833118077251,25.25,25.997522925441515,1206.6444444444444,1.0017849812507782,1.0017849812507778,1232.6419673698858,1180.646921519003,1248.2404811251508,1165.048407763738,1266.43874717296,1146.8501417159289
262,2005-11-15,1217.25,1241.0,1222.5,1232.5,1218.2738095238096,1222.7111307555813,1211.0,1214.8786942484735,23.75,25.793202659492287,1211.0,1.0036096429031842,1.003609642903184,1236.7932026594922,1185.2067973405078,1252.2691242551878,1169.7308757448122,1270.3243661168322,1151.6756338831678
263,2005-11-22,1229.25,1264.0,1232.5,1262.0,1221.4285714285713,1230.123268470588,1221.2555555555555,1226.376392696349,34.75,26.60745696317481,1221.2555555555555,1.0084686668501697,1.0084686668501692,1247.8630125187303,1194.6480985923806,1263.827486696635,1178.6836244144758,1282.4527065708576,1160.0584045402534
264,2005-11-29,1258.75,1273.0,1261.75,1259.25,1224.25,1235.618243241711,1230.1944444444443,1235.1476202441077,14.25,25.484051784704373,1230.1944444444443,1.0073194253636968,1.0073194253636963,1255.6784962291488,1204.71039265974,1270.9689272999713,1189.4199615889174,1288.8077635492643,1171.5811253396244
265,2005-12-06,1250.5,1274.5,1259.25,1265.5,1226.25,1241.6146484615922,1239.55,1243.858346984723,24.0,25.34913798609488,1239.55,1.0076049405017273,1.007604940501727,1264.8991379860947,1214.2008620139052,1280.1086207777519,1198.991379222248,1297.853017368018,1181.2469826319818
266,2005-12-13,1251.25,1273.25,1265.75,1269.0,1228.2738095238096,1247.434225563948,1248.5222222222221,1251.7986817771086,22.0,25.04467089644989,1248.5222222222221,1.0072382898811845,1.0072382898811845,1273.566893118672,1223.4775513257723,1288.593695656542,1208.4507487879023,1306.1249652840568,1190.9194791603875
267,2005-12-20,1264.75,1279.75,1269.25,1268.0,1229.892857142857,1248.5094361378922,1255.5055555555555,1257.9506311385555,15.0,24.131518996772627,1255.5055555555555,1.0055932791655913,1.0055932791655913,1279.6370745523282,1231.3740365587828,1294.1159859503916,1216.8951251607193,1311.0080492481325,1200.0030618629785
268,2005-12-28,1262.5,1281.0,1268.0,1265.25,1231.2142857142858,1249.9981584066902,1260.0166666666667,1262.1647168694365,18.5,23.619562724338753,1260.0166666666667,1.0035930634405796,1.0035930634405794,1283.6362293910054,1236.397103942328,1297.8079670256086,1222.2253663077247,1314.3416609326457,1205.6916724006876
269,2005-12-30,1251.25,1267.75,1265.25,1254.75,1232.5238095238096,1250.7509685404923,1260.9555555555555,1262.83566585719,16.5,22.972329749398867,1260.9555555555555,1.0007451400554666,1.0007451400554663,1283.9278853049543,1237.9832258061567,1297.7112831545937,1224.1998279565173,1313.791913979173,1208.119197131938
270,2006-01-01,,,,,,,,,,,1261.8951440481628,,,1284.8674737975616,1238.922814298764,1298.650871647201,1225.1394164491246,1314.7315024717802,1209.0587856245454
271,2006-01-03,,,,,,,,,,,1262.8354326657916,,,1285.8077624151904,1239.8631029163928,1299.5911602648298,1226.0797050667534,1315.671791089409,1209.9990742421742
272,2006-01-05,,,,,,,,,,,1263.776421930133,,,1286.7487516795318,1240.8040921807342,1300.5321495291712,1227.0206943310948,1316.6127803537504,1210.9400635065156
273,2006-01-07,,,,,,,,,,,1264.718112363267,,,1287.6904421126658,1241.7457826138682,1301.4738399623052,1227.9623847642288,1317.5544707868844,1211.8817539396496
274,2006-01-09,,,,,,,,,,,1265.6605044876626,,,1288.6328342370614,1242.6881747382638,1302.4162320867008,1228.9047768886244,1318.49686291128,1212.8241460640452
275,2006-01-11,,,,,,,,,,,1266.603598826178,,,1289.5759285755769,1243.6312690767793,1303.3593264252163,1229.8478712271399,1319.4399572497955,1213.7672404025607
276,2006-01-13,,,,,,,,,,,1267.5473959020612,,,1290.51972565146,1244.5750661526624,1304.3031235010994,1230.791668303023,1320.3837543256786,1214.7110374784438
277,2006-01-15,,,,,,,,,,,1268.49189623895,,,1291.4642259883487,1245.5195664895512,1305.2476238379882,1231.7361686399117,1321.3282546625674,1215.6555378153325
278,2006-01-17,,,,,,,,,,,1269.4371003608721,,,1292.409430110271,1246.4647706114733,1306.1928279599103,1232.681372761834,1322.2734587844895,1216.6007419372547
279,2006-01-19,,,,,,,,,,,1270.383008792246,,,1293.3553385416449,1247.4106790428473,1307.1387363912843,1233.6272811932079,1323.2193672158635,1217.5466503686287
280,2006-01-21,,,,,,,,,,,1271.3296220578811,,,1294.30195180728,1248.3572923084823,1308.0853496569193,1234.573894458843,1324.1659804814985,1218.4932636342637
281,2006-01-23,,,,,,,,,,,1272.2769406829773,,,1295.249270432376,1249.3046109335785,1309.0326682820155,1235.521213083939,1325.1132991065947,1219.4405822593599
282,2006-01-25,,,,,,,,,,,1273.2249651931263,,,1296.197294942525,1250.2526354437275,1309.9806927921645,1236.469237594088,1326.0613236167437,1220.388606769509
283,2006-01-27,,,,,,,,,,,1274.1736961143115,,,1297.1460258637103,1251.2013663649127,1310.9294237133497,1237.4179685152733,1327.010054537929,1221.337337690694
284,2006-01-29,,,,,,,,,,,1275.123133972908,,,1298.0954637223067,1252.150804223509,1311.8788615719461,1238.3674063738697,1327.9594923965253,1222.2867755492905
285,2006-01-31,,,,,,,,,,,1276.0732792956828,,,1299.0456090450816,1253.100949546284,1312.829006894721,1239.3175516966446,1328.9096377193002,1223.2369208720654
286,2006-02-02,,,,,,,,,,,1277.0241326097964,,,1299.9964623591952,1254.0518028603976,1313.7798602088346,1240.2684050107582,1329.8604910334138,1224.187774186179
287,2006-02-04,,,,,,,,,,,1277.9756944428011,,,1300.9480241922,1255.0033646934023,1314.7314220418393,1241.219966843763,1330.8120528664185,1225.1393360191837
288,2006-02-06,,,,,,,,,,,1278.9279653226429,,,1301.9002950720417,1255.955635573244,1315.683692921681,1242.1722377236047,1331.7643237462603,1226.0916068990255
289,2006-02-08,,,,,,,,,,,1279.8809457776608,,,,,,,,
